package,class,method,parameter,line,bug
com.fasterxml.jackson.core,JsonFactory,getFormatName,,478,7
com.fasterxml.jackson.core,JsonFactory,getFormatName,,479,7
com.fasterxml.jackson.core,JsonFactory,createNonBlockingByteArrayParser,,965,7
com.fasterxml.jackson.core,JsonFactory,createNonBlockingByteArrayParser,,966,7
com.fasterxml.jackson.core,JsonFactory,createNonBlockingByteArrayParser,,967,7
com.fasterxml.jackson.core,JsonFactory,createNonBlockingByteArrayParser,,968,7
com.fasterxml.jackson.core,JsonFactory,createGenerator,"java.io.OutputStream,com.fasterxml.jackson.core.JsonEncoding",1139,7
com.fasterxml.jackson.core,JsonFactory,createGenerator,"java.io.OutputStream,com.fasterxml.jackson.core.JsonEncoding",1140,7
com.fasterxml.jackson.core,JsonFactory,createGenerator,"java.io.OutputStream,com.fasterxml.jackson.core.JsonEncoding",1141,7
com.fasterxml.jackson.core,JsonFactory,createGenerator,"java.io.OutputStream,com.fasterxml.jackson.core.JsonEncoding",1142,7
com.fasterxml.jackson.core,JsonFactory,createGenerator,java.io.OutputStream,1157,7
com.fasterxml.jackson.core,JsonFactory,_createUTF8Generator,"java.io.OutputStream,com.fasterxml.jackson.core.io.IOContext",1429,7
com.fasterxml.jackson.core,JsonFactory,_createUTF8Generator,"java.io.OutputStream,com.fasterxml.jackson.core.io.IOContext",1431,7
com.fasterxml.jackson.core,JsonFactory,_createUTF8Generator,"java.io.OutputStream,com.fasterxml.jackson.core.io.IOContext",1434,7
com.fasterxml.jackson.core,JsonFactory,_createUTF8Generator,"java.io.OutputStream,com.fasterxml.jackson.core.io.IOContext",1435,7
com.fasterxml.jackson.core,JsonFactory,_createUTF8Generator,"java.io.OutputStream,com.fasterxml.jackson.core.io.IOContext",1438,7
com.fasterxml.jackson.core,JsonFactory,_decorate,"java.io.OutputStream,com.fasterxml.jackson.core.io.IOContext",1500,7
com.fasterxml.jackson.core,JsonFactory,_decorate,"java.io.OutputStream,com.fasterxml.jackson.core.io.IOContext",1506,7
com.fasterxml.jackson.core,JsonFactory,_getBufferRecycler,,1540,7
com.fasterxml.jackson.core,JsonFactory,_getBufferRecycler,,1541,7
com.fasterxml.jackson.core,JsonFactory,_getBufferRecycler,,1542,7
com.fasterxml.jackson.core,JsonFactory,_getBufferRecycler,,1544,7
com.fasterxml.jackson.core,JsonFactory,_getBufferRecycler,,1548,7
com.fasterxml.jackson.core,JsonFactory,_createContext,"java.lang.Object,boolean",1558,7
com.fasterxml.jackson.core,JsonFactory,_requireJSONFactory,java.lang.String,1616,7
com.fasterxml.jackson.core,JsonFactory,_requireJSONFactory,java.lang.String,1617,7
com.fasterxml.jackson.core,JsonFactory,_requireJSONFactory,java.lang.String,1620,7
com.fasterxml.jackson.core$JsonFactory,Feature,enabledIn,int,144,7
com.fasterxml.jackson.core$JsonFactory,Feature,getMask,,145,7
com.fasterxml.jackson.core$JsonParser,Feature,enabledIn,int,315,7
com.fasterxml.jackson.core$JsonGenerator,Feature,enabledIn,int,243,7
com.fasterxml.jackson.core$JsonGenerator,Feature,getMask,,245,7
com.fasterxml.jackson.core.sym,ByteQuadsCanonicalizer,ByteQuadsCanonicalizer,"com.fasterxml.jackson.core.sym.ByteQuadsCanonicalizer,boolean,int,boolean,com.fasterxml.jackson.core.sym.ByteQuadsCanonicalizer$TableInfo",249,7
com.fasterxml.jackson.core.sym,ByteQuadsCanonicalizer,ByteQuadsCanonicalizer,"com.fasterxml.jackson.core.sym.ByteQuadsCanonicalizer,boolean,int,boolean,com.fasterxml.jackson.core.sym.ByteQuadsCanonicalizer$TableInfo",250,7
com.fasterxml.jackson.core.sym,ByteQuadsCanonicalizer,ByteQuadsCanonicalizer,"com.fasterxml.jackson.core.sym.ByteQuadsCanonicalizer,boolean,int,boolean,com.fasterxml.jackson.core.sym.ByteQuadsCanonicalizer$TableInfo",251,7
com.fasterxml.jackson.core.sym,ByteQuadsCanonicalizer,ByteQuadsCanonicalizer,"com.fasterxml.jackson.core.sym.ByteQuadsCanonicalizer,boolean,int,boolean,com.fasterxml.jackson.core.sym.ByteQuadsCanonicalizer$TableInfo",252,7
com.fasterxml.jackson.core.sym,ByteQuadsCanonicalizer,ByteQuadsCanonicalizer,"com.fasterxml.jackson.core.sym.ByteQuadsCanonicalizer,boolean,int,boolean,com.fasterxml.jackson.core.sym.ByteQuadsCanonicalizer$TableInfo",253,7
com.fasterxml.jackson.core.sym,ByteQuadsCanonicalizer,ByteQuadsCanonicalizer,"com.fasterxml.jackson.core.sym.ByteQuadsCanonicalizer,boolean,int,boolean,com.fasterxml.jackson.core.sym.ByteQuadsCanonicalizer$TableInfo",254,7
com.fasterxml.jackson.core.sym,ByteQuadsCanonicalizer,ByteQuadsCanonicalizer,"com.fasterxml.jackson.core.sym.ByteQuadsCanonicalizer,boolean,int,boolean,com.fasterxml.jackson.core.sym.ByteQuadsCanonicalizer$TableInfo",257,7
com.fasterxml.jackson.core.sym,ByteQuadsCanonicalizer,ByteQuadsCanonicalizer,"com.fasterxml.jackson.core.sym.ByteQuadsCanonicalizer,boolean,int,boolean,com.fasterxml.jackson.core.sym.ByteQuadsCanonicalizer$TableInfo",258,7
com.fasterxml.jackson.core.sym,ByteQuadsCanonicalizer,ByteQuadsCanonicalizer,"com.fasterxml.jackson.core.sym.ByteQuadsCanonicalizer,boolean,int,boolean,com.fasterxml.jackson.core.sym.ByteQuadsCanonicalizer$TableInfo",259,7
com.fasterxml.jackson.core.sym,ByteQuadsCanonicalizer,ByteQuadsCanonicalizer,"com.fasterxml.jackson.core.sym.ByteQuadsCanonicalizer,boolean,int,boolean,com.fasterxml.jackson.core.sym.ByteQuadsCanonicalizer$TableInfo",260,7
com.fasterxml.jackson.core.sym,ByteQuadsCanonicalizer,ByteQuadsCanonicalizer,"com.fasterxml.jackson.core.sym.ByteQuadsCanonicalizer,boolean,int,boolean,com.fasterxml.jackson.core.sym.ByteQuadsCanonicalizer$TableInfo",261,7
com.fasterxml.jackson.core.sym,ByteQuadsCanonicalizer,ByteQuadsCanonicalizer,"com.fasterxml.jackson.core.sym.ByteQuadsCanonicalizer,boolean,int,boolean,com.fasterxml.jackson.core.sym.ByteQuadsCanonicalizer$TableInfo",263,7
com.fasterxml.jackson.core.sym,ByteQuadsCanonicalizer,ByteQuadsCanonicalizer,"com.fasterxml.jackson.core.sym.ByteQuadsCanonicalizer,boolean,int,boolean,com.fasterxml.jackson.core.sym.ByteQuadsCanonicalizer$TableInfo",264,7
com.fasterxml.jackson.core.sym,ByteQuadsCanonicalizer,ByteQuadsCanonicalizer,"com.fasterxml.jackson.core.sym.ByteQuadsCanonicalizer,boolean,int,boolean,com.fasterxml.jackson.core.sym.ByteQuadsCanonicalizer$TableInfo",266,7
com.fasterxml.jackson.core.sym,ByteQuadsCanonicalizer,ByteQuadsCanonicalizer,"com.fasterxml.jackson.core.sym.ByteQuadsCanonicalizer,boolean,int,boolean,com.fasterxml.jackson.core.sym.ByteQuadsCanonicalizer$TableInfo",267,7
com.fasterxml.jackson.core.sym,ByteQuadsCanonicalizer,ByteQuadsCanonicalizer,"com.fasterxml.jackson.core.sym.ByteQuadsCanonicalizer,boolean,int,boolean,com.fasterxml.jackson.core.sym.ByteQuadsCanonicalizer$TableInfo",270,7
com.fasterxml.jackson.core.sym,ByteQuadsCanonicalizer,ByteQuadsCanonicalizer,"com.fasterxml.jackson.core.sym.ByteQuadsCanonicalizer,boolean,int,boolean,com.fasterxml.jackson.core.sym.ByteQuadsCanonicalizer$TableInfo",271,7
com.fasterxml.jackson.core.sym,ByteQuadsCanonicalizer,ByteQuadsCanonicalizer,"com.fasterxml.jackson.core.sym.ByteQuadsCanonicalizer,boolean,int,boolean,com.fasterxml.jackson.core.sym.ByteQuadsCanonicalizer$TableInfo",272,7
com.fasterxml.jackson.core.sym,ByteQuadsCanonicalizer,makeChild,int,304,7
com.fasterxml.jackson.core.sym,ByteQuadsCanonicalizer,makeChild,int,305,7
com.fasterxml.jackson.core.sym,ByteQuadsCanonicalizer,makeChild,int,307,7
com.fasterxml.jackson.core.sym,ByteQuadsCanonicalizer,makeChild,int,308,7
com.fasterxml.jackson.core.io,IOContext,IOContext,"com.fasterxml.jackson.core.util.BufferRecycler,java.lang.Object,boolean",102,7
com.fasterxml.jackson.core.io,IOContext,IOContext,"com.fasterxml.jackson.core.util.BufferRecycler,java.lang.Object,boolean",103,7
com.fasterxml.jackson.core.io,IOContext,IOContext,"com.fasterxml.jackson.core.util.BufferRecycler,java.lang.Object,boolean",104,7
com.fasterxml.jackson.core.io,IOContext,IOContext,"com.fasterxml.jackson.core.util.BufferRecycler,java.lang.Object,boolean",105,7
com.fasterxml.jackson.core.io,IOContext,IOContext,"com.fasterxml.jackson.core.util.BufferRecycler,java.lang.Object,boolean",106,7
com.fasterxml.jackson.core.io,IOContext,setEncoding,com.fasterxml.jackson.core.JsonEncoding,109,7
com.fasterxml.jackson.core.io,IOContext,setEncoding,com.fasterxml.jackson.core.JsonEncoding,110,7
com.fasterxml.jackson.core.io,IOContext,isResourceManaged,,128,7
com.fasterxml.jackson.core.io,IOContext,constructTextBuffer,,137,7
com.fasterxml.jackson.core.io,IOContext,allocWriteEncodingBuffer,,159,7
com.fasterxml.jackson.core.io,IOContext,allocWriteEncodingBuffer,,160,7
com.fasterxml.jackson.core.io,IOContext,allocConcatBuffer,,201,7
com.fasterxml.jackson.core.io,IOContext,allocConcatBuffer,,202,7
com.fasterxml.jackson.core.io,IOContext,releaseWriteEncodingBuffer,byte[],226,7
com.fasterxml.jackson.core.io,IOContext,releaseWriteEncodingBuffer,byte[],230,7
com.fasterxml.jackson.core.io,IOContext,releaseWriteEncodingBuffer,byte[],231,7
com.fasterxml.jackson.core.io,IOContext,releaseWriteEncodingBuffer,byte[],232,7
com.fasterxml.jackson.core.io,IOContext,releaseWriteEncodingBuffer,byte[],234,7
com.fasterxml.jackson.core.io,IOContext,releaseConcatBuffer,char[],253,7
com.fasterxml.jackson.core.io,IOContext,releaseConcatBuffer,char[],255,7
com.fasterxml.jackson.core.io,IOContext,releaseConcatBuffer,char[],256,7
com.fasterxml.jackson.core.io,IOContext,releaseConcatBuffer,char[],257,7
com.fasterxml.jackson.core.io,IOContext,releaseConcatBuffer,char[],259,7
com.fasterxml.jackson.core.io,IOContext,_verifyAlloc,java.lang.Object,277,7
com.fasterxml.jackson.core.io,IOContext,_verifyAlloc,java.lang.Object,278,7
com.fasterxml.jackson.core.io,IOContext,_verifyRelease,"byte[],byte[]",282,7
com.fasterxml.jackson.core.io,IOContext,_verifyRelease,"byte[],byte[]",283,7
com.fasterxml.jackson.core.io,IOContext,_verifyRelease,"char[],char[]",287,7
com.fasterxml.jackson.core.io,IOContext,_verifyRelease,"char[],char[]",288,7
com.fasterxml.jackson.core.util,BufferRecycler,allocByteBuffer,int,86,7
com.fasterxml.jackson.core.util,BufferRecycler,allocByteBuffer,"int,int",90,7
com.fasterxml.jackson.core.util,BufferRecycler,allocByteBuffer,"int,int",91,7
com.fasterxml.jackson.core.util,BufferRecycler,allocByteBuffer,"int,int",92,7
com.fasterxml.jackson.core.util,BufferRecycler,allocByteBuffer,"int,int",94,7
com.fasterxml.jackson.core.util,BufferRecycler,allocByteBuffer,"int,int",95,7
com.fasterxml.jackson.core.util,BufferRecycler,allocByteBuffer,"int,int",98,7
com.fasterxml.jackson.core.util,BufferRecycler,allocByteBuffer,"int,int",100,7
com.fasterxml.jackson.core.util,BufferRecycler,releaseByteBuffer,"int,byte[]",104,7
com.fasterxml.jackson.core.util,BufferRecycler,releaseByteBuffer,"int,byte[]",105,7
com.fasterxml.jackson.core.util,BufferRecycler,allocCharBuffer,int,114,7
com.fasterxml.jackson.core.util,BufferRecycler,allocCharBuffer,"int,int",118,7
com.fasterxml.jackson.core.util,BufferRecycler,allocCharBuffer,"int,int",119,7
com.fasterxml.jackson.core.util,BufferRecycler,allocCharBuffer,"int,int",120,7
com.fasterxml.jackson.core.util,BufferRecycler,allocCharBuffer,"int,int",122,7
com.fasterxml.jackson.core.util,BufferRecycler,allocCharBuffer,"int,int",123,7
com.fasterxml.jackson.core.util,BufferRecycler,allocCharBuffer,"int,int",126,7
com.fasterxml.jackson.core.util,BufferRecycler,allocCharBuffer,"int,int",128,7
com.fasterxml.jackson.core.util,BufferRecycler,releaseCharBuffer,"int,char[]",132,7
com.fasterxml.jackson.core.util,BufferRecycler,releaseCharBuffer,"int,char[]",133,7
com.fasterxml.jackson.core.util,BufferRecycler,byteBufferLength,int,142,7
com.fasterxml.jackson.core.util,BufferRecycler,charBufferLength,int,146,7
com.fasterxml.jackson.core,JsonParser,JsonParser,int,347,7
com.fasterxml.jackson.core.base,ParserMinimalBase,ParserMinimalBase,int,158,7
com.fasterxml.jackson.core.base,ParserMinimalBase,currentToken,,184,7
com.fasterxml.jackson.core.base,ParserBase,ParserBase,"com.fasterxml.jackson.core.io.IOContext,int",232,7
com.fasterxml.jackson.core.base,ParserBase,ParserBase,"com.fasterxml.jackson.core.io.IOContext,int",77,7
com.fasterxml.jackson.core.base,ParserBase,ParserBase,"com.fasterxml.jackson.core.io.IOContext,int",106,7
com.fasterxml.jackson.core.base,ParserBase,ParserBase,"com.fasterxml.jackson.core.io.IOContext,int",181,7
com.fasterxml.jackson.core.base,ParserBase,ParserBase,"com.fasterxml.jackson.core.io.IOContext,int",233,7
com.fasterxml.jackson.core.base,ParserBase,ParserBase,"com.fasterxml.jackson.core.io.IOContext,int",234,7
com.fasterxml.jackson.core.base,ParserBase,ParserBase,"com.fasterxml.jackson.core.io.IOContext,int",235,7
com.fasterxml.jackson.core.base,ParserBase,ParserBase,"com.fasterxml.jackson.core.io.IOContext,int",236,7
com.fasterxml.jackson.core.base,ParserBase,ParserBase,"com.fasterxml.jackson.core.io.IOContext,int",237,7
com.fasterxml.jackson.core.base,ParserBase,ParserBase,"com.fasterxml.jackson.core.io.IOContext,int",238,7
com.fasterxml.jackson.core.util,TextBuffer,TextBuffer,com.fasterxml.jackson.core.util.BufferRecycler,121,7
com.fasterxml.jackson.core.util,TextBuffer,TextBuffer,com.fasterxml.jackson.core.util.BufferRecycler,122,7
com.fasterxml.jackson.core.util,TextBuffer,TextBuffer,com.fasterxml.jackson.core.util.BufferRecycler,123,7
com.fasterxml.jackson.core,JsonStreamContext,JsonStreamContext,,45,7
com.fasterxml.jackson.core,JsonStreamContext,inArray,,82,7
com.fasterxml.jackson.core,JsonStreamContext,inObject,,95,7
com.fasterxml.jackson.core.json,JsonReadContext,JsonReadContext,"com.fasterxml.jackson.core.json.JsonReadContext,com.fasterxml.jackson.core.json.DupDetector,int,int,int",57,7
com.fasterxml.jackson.core.json,JsonReadContext,JsonReadContext,"com.fasterxml.jackson.core.json.JsonReadContext,com.fasterxml.jackson.core.json.DupDetector,int,int,int",58,7
com.fasterxml.jackson.core.json,JsonReadContext,JsonReadContext,"com.fasterxml.jackson.core.json.JsonReadContext,com.fasterxml.jackson.core.json.DupDetector,int,int,int",59,7
com.fasterxml.jackson.core.json,JsonReadContext,JsonReadContext,"com.fasterxml.jackson.core.json.JsonReadContext,com.fasterxml.jackson.core.json.DupDetector,int,int,int",60,7
com.fasterxml.jackson.core.json,JsonReadContext,JsonReadContext,"com.fasterxml.jackson.core.json.JsonReadContext,com.fasterxml.jackson.core.json.DupDetector,int,int,int",61,7
com.fasterxml.jackson.core.json,JsonReadContext,JsonReadContext,"com.fasterxml.jackson.core.json.JsonReadContext,com.fasterxml.jackson.core.json.DupDetector,int,int,int",62,7
com.fasterxml.jackson.core.json,JsonReadContext,JsonReadContext,"com.fasterxml.jackson.core.json.JsonReadContext,com.fasterxml.jackson.core.json.DupDetector,int,int,int",63,7
com.fasterxml.jackson.core.json,JsonReadContext,JsonReadContext,"com.fasterxml.jackson.core.json.JsonReadContext,com.fasterxml.jackson.core.json.DupDetector,int,int,int",64,7
com.fasterxml.jackson.core.json,JsonReadContext,createRootContext,com.fasterxml.jackson.core.json.DupDetector,110,7
com.fasterxml.jackson.core.json,JsonReadContext,createChildArrayContext,"int,int",114,7
com.fasterxml.jackson.core.json,JsonReadContext,createChildArrayContext,"int,int",115,7
com.fasterxml.jackson.core.json,JsonReadContext,createChildArrayContext,"int,int",116,7
com.fasterxml.jackson.core.json,JsonReadContext,createChildArrayContext,"int,int",117,7
com.fasterxml.jackson.core.json,JsonReadContext,createChildArrayContext,"int,int",121,7
com.fasterxml.jackson.core,JsonGenerator,JsonGenerator,,267,7
com.fasterxml.jackson.core.base,GeneratorBase,GeneratorBase,"int,com.fasterxml.jackson.core.ObjectCodec",104,7
com.fasterxml.jackson.core.base,GeneratorBase,GeneratorBase,"int,com.fasterxml.jackson.core.ObjectCodec",105,7
com.fasterxml.jackson.core.base,GeneratorBase,GeneratorBase,"int,com.fasterxml.jackson.core.ObjectCodec",106,7
com.fasterxml.jackson.core.base,GeneratorBase,GeneratorBase,"int,com.fasterxml.jackson.core.ObjectCodec",107,7
com.fasterxml.jackson.core.base,GeneratorBase,GeneratorBase,"int,com.fasterxml.jackson.core.ObjectCodec",108,7
com.fasterxml.jackson.core.base,GeneratorBase,GeneratorBase,"int,com.fasterxml.jackson.core.ObjectCodec",109,7
com.fasterxml.jackson.core.base,GeneratorBase,GeneratorBase,"int,com.fasterxml.jackson.core.ObjectCodec",110,7
com.fasterxml.jackson.core.base,GeneratorBase,GeneratorBase,"int,com.fasterxml.jackson.core.ObjectCodec",111,7
com.fasterxml.jackson.core.base,GeneratorBase,isEnabled,com.fasterxml.jackson.core.JsonGenerator$Feature,148,7
com.fasterxml.jackson.core.base,GeneratorBase,getOutputContext,,270,7
com.fasterxml.jackson.core.base,GeneratorBase,close,,408,7
com.fasterxml.jackson.core.json,JsonGeneratorImpl,JsonGeneratorImpl,"com.fasterxml.jackson.core.io.IOContext,int,com.fasterxml.jackson.core.ObjectCodec",103,7
com.fasterxml.jackson.core.json,JsonGeneratorImpl,JsonGeneratorImpl,"com.fasterxml.jackson.core.io.IOContext,int,com.fasterxml.jackson.core.ObjectCodec",53,7
com.fasterxml.jackson.core.json,JsonGeneratorImpl,JsonGeneratorImpl,"com.fasterxml.jackson.core.io.IOContext,int,com.fasterxml.jackson.core.ObjectCodec",84,7
com.fasterxml.jackson.core.json,JsonGeneratorImpl,JsonGeneratorImpl,"com.fasterxml.jackson.core.io.IOContext,int,com.fasterxml.jackson.core.ObjectCodec",104,7
com.fasterxml.jackson.core.json,JsonGeneratorImpl,JsonGeneratorImpl,"com.fasterxml.jackson.core.io.IOContext,int,com.fasterxml.jackson.core.ObjectCodec",105,7
com.fasterxml.jackson.core.json,JsonGeneratorImpl,JsonGeneratorImpl,"com.fasterxml.jackson.core.io.IOContext,int,com.fasterxml.jackson.core.ObjectCodec",109,7
com.fasterxml.jackson.core.json,JsonGeneratorImpl,JsonGeneratorImpl,"com.fasterxml.jackson.core.io.IOContext,int,com.fasterxml.jackson.core.ObjectCodec",110,7
com.fasterxml.jackson.core.json,JsonWriteContext,JsonWriteContext,"int,com.fasterxml.jackson.core.json.JsonWriteContext,com.fasterxml.jackson.core.json.DupDetector",70,7
com.fasterxml.jackson.core.json,JsonWriteContext,JsonWriteContext,"int,com.fasterxml.jackson.core.json.JsonWriteContext,com.fasterxml.jackson.core.json.DupDetector",71,7
com.fasterxml.jackson.core.json,JsonWriteContext,JsonWriteContext,"int,com.fasterxml.jackson.core.json.JsonWriteContext,com.fasterxml.jackson.core.json.DupDetector",72,7
com.fasterxml.jackson.core.json,JsonWriteContext,JsonWriteContext,"int,com.fasterxml.jackson.core.json.JsonWriteContext,com.fasterxml.jackson.core.json.DupDetector",73,7
com.fasterxml.jackson.core.json,JsonWriteContext,JsonWriteContext,"int,com.fasterxml.jackson.core.json.JsonWriteContext,com.fasterxml.jackson.core.json.DupDetector",74,7
com.fasterxml.jackson.core.json,JsonWriteContext,JsonWriteContext,"int,com.fasterxml.jackson.core.json.JsonWriteContext,com.fasterxml.jackson.core.json.DupDetector",75,7
com.fasterxml.jackson.core.json,JsonWriteContext,createRootContext,com.fasterxml.jackson.core.json.DupDetector,115,7
com.fasterxml.jackson.core.json,JsonWriteContext,createChildArrayContext,,119,7
com.fasterxml.jackson.core.json,JsonWriteContext,createChildArrayContext,,120,7
com.fasterxml.jackson.core.json,JsonWriteContext,createChildArrayContext,,121,7
com.fasterxml.jackson.core.json,JsonWriteContext,createChildArrayContext,,122,7
com.fasterxml.jackson.core.json,JsonWriteContext,clearAndGetParent,,152,7
com.fasterxml.jackson.core.json,JsonWriteContext,clearAndGetParent,,154,7
com.fasterxml.jackson.core.json,JsonWriteContext,writeValue,,186,7
com.fasterxml.jackson.core.json,JsonWriteContext,writeValue,,196,7
com.fasterxml.jackson.core.json,JsonWriteContext,writeValue,,197,7
com.fasterxml.jackson.core.json,JsonWriteContext,writeValue,,198,7
com.fasterxml.jackson.core.json,JsonWriteContext,writeValue,,199,7
com.fasterxml.jackson.core.json,JsonWriteContext,writeValue,,204,7
com.fasterxml.jackson.core.json,JsonWriteContext,writeValue,,205,7
com.fasterxml.jackson.core.json,UTF8JsonGenerator,UTF8JsonGenerator,"com.fasterxml.jackson.core.io.IOContext,int,com.fasterxml.jackson.core.ObjectCodec,java.io.OutputStream",119,7
com.fasterxml.jackson.core.json,UTF8JsonGenerator,UTF8JsonGenerator,"com.fasterxml.jackson.core.io.IOContext,int,com.fasterxml.jackson.core.ObjectCodec,java.io.OutputStream",55,7
com.fasterxml.jackson.core.json,UTF8JsonGenerator,UTF8JsonGenerator,"com.fasterxml.jackson.core.io.IOContext,int,com.fasterxml.jackson.core.ObjectCodec,java.io.OutputStream",120,7
com.fasterxml.jackson.core.json,UTF8JsonGenerator,UTF8JsonGenerator,"com.fasterxml.jackson.core.io.IOContext,int,com.fasterxml.jackson.core.ObjectCodec,java.io.OutputStream",121,7
com.fasterxml.jackson.core.json,UTF8JsonGenerator,UTF8JsonGenerator,"com.fasterxml.jackson.core.io.IOContext,int,com.fasterxml.jackson.core.ObjectCodec,java.io.OutputStream",122,7
com.fasterxml.jackson.core.json,UTF8JsonGenerator,UTF8JsonGenerator,"com.fasterxml.jackson.core.io.IOContext,int,com.fasterxml.jackson.core.ObjectCodec,java.io.OutputStream",123,7
com.fasterxml.jackson.core.json,UTF8JsonGenerator,UTF8JsonGenerator,"com.fasterxml.jackson.core.io.IOContext,int,com.fasterxml.jackson.core.ObjectCodec,java.io.OutputStream",129,7
com.fasterxml.jackson.core.json,UTF8JsonGenerator,UTF8JsonGenerator,"com.fasterxml.jackson.core.io.IOContext,int,com.fasterxml.jackson.core.ObjectCodec,java.io.OutputStream",130,7
com.fasterxml.jackson.core.json,UTF8JsonGenerator,UTF8JsonGenerator,"com.fasterxml.jackson.core.io.IOContext,int,com.fasterxml.jackson.core.ObjectCodec,java.io.OutputStream",131,7
com.fasterxml.jackson.core.json,UTF8JsonGenerator,UTF8JsonGenerator,"com.fasterxml.jackson.core.io.IOContext,int,com.fasterxml.jackson.core.ObjectCodec,java.io.OutputStream",134,7
com.fasterxml.jackson.core.json,UTF8JsonGenerator,UTF8JsonGenerator,"com.fasterxml.jackson.core.io.IOContext,int,com.fasterxml.jackson.core.ObjectCodec,java.io.OutputStream",137,7
com.fasterxml.jackson.core.json,UTF8JsonGenerator,writeStartArray,,284,7
com.fasterxml.jackson.core.json,UTF8JsonGenerator,writeStartArray,,285,7
com.fasterxml.jackson.core.json,UTF8JsonGenerator,writeStartArray,,286,7
com.fasterxml.jackson.core.json,UTF8JsonGenerator,writeStartArray,,289,7
com.fasterxml.jackson.core.json,UTF8JsonGenerator,writeStartArray,,292,7
com.fasterxml.jackson.core.json,UTF8JsonGenerator,writeStartArray,,294,7
com.fasterxml.jackson.core.json,UTF8JsonGenerator,writeEndArray,,299,7
com.fasterxml.jackson.core.json,UTF8JsonGenerator,writeEndArray,,302,7
com.fasterxml.jackson.core.json,UTF8JsonGenerator,writeEndArray,,305,7
com.fasterxml.jackson.core.json,UTF8JsonGenerator,writeEndArray,,308,7
com.fasterxml.jackson.core.json,UTF8JsonGenerator,writeEndArray,,310,7
com.fasterxml.jackson.core.json,UTF8JsonGenerator,writeEndArray,,311,7
com.fasterxml.jackson.core.json,UTF8JsonGenerator,writeString,java.lang.String,445,7
com.fasterxml.jackson.core.json,UTF8JsonGenerator,writeString,java.lang.String,446,7
com.fasterxml.jackson.core.json,UTF8JsonGenerator,writeString,java.lang.String,451,7
com.fasterxml.jackson.core.json,UTF8JsonGenerator,writeString,java.lang.String,452,7
com.fasterxml.jackson.core.json,UTF8JsonGenerator,writeString,java.lang.String,456,7
com.fasterxml.jackson.core.json,UTF8JsonGenerator,writeString,java.lang.String,459,7
com.fasterxml.jackson.core.json,UTF8JsonGenerator,writeString,java.lang.String,460,7
com.fasterxml.jackson.core.json,UTF8JsonGenerator,writeString,java.lang.String,461,7
com.fasterxml.jackson.core.json,UTF8JsonGenerator,writeString,java.lang.String,464,7
com.fasterxml.jackson.core.json,UTF8JsonGenerator,writeString,java.lang.String,465,7
com.fasterxml.jackson.core.json,UTF8JsonGenerator,_verifyValueWrite,java.lang.String,1053,7
com.fasterxml.jackson.core.json,UTF8JsonGenerator,_verifyValueWrite,java.lang.String,1054,7
com.fasterxml.jackson.core.json,UTF8JsonGenerator,_verifyValueWrite,java.lang.String,1060,7
com.fasterxml.jackson.core.json,UTF8JsonGenerator,_verifyValueWrite,java.lang.String,1063,7
com.fasterxml.jackson.core.json,UTF8JsonGenerator,_verifyValueWrite,java.lang.String,1065,7
com.fasterxml.jackson.core.json,UTF8JsonGenerator,_verifyValueWrite,java.lang.String,1066,7
com.fasterxml.jackson.core.json,UTF8JsonGenerator,_verifyValueWrite,java.lang.String,1082,7
com.fasterxml.jackson.core.json,UTF8JsonGenerator,_verifyValueWrite,java.lang.String,1085,7
com.fasterxml.jackson.core.json,UTF8JsonGenerator,_verifyValueWrite,java.lang.String,1086,7
com.fasterxml.jackson.core.json,UTF8JsonGenerator,close,,1108,7
com.fasterxml.jackson.core.json,UTF8JsonGenerator,close,,1114,7
com.fasterxml.jackson.core.json,UTF8JsonGenerator,close,,1115,7
com.fasterxml.jackson.core.json,UTF8JsonGenerator,close,,1117,7
com.fasterxml.jackson.core.json,UTF8JsonGenerator,close,,1118,7
com.fasterxml.jackson.core.json,UTF8JsonGenerator,close,,1120,7
com.fasterxml.jackson.core.json,UTF8JsonGenerator,close,,1127,7
com.fasterxml.jackson.core.json,UTF8JsonGenerator,close,,1128,7
com.fasterxml.jackson.core.json,UTF8JsonGenerator,close,,1136,7
com.fasterxml.jackson.core.json,UTF8JsonGenerator,close,,1137,7
com.fasterxml.jackson.core.json,UTF8JsonGenerator,close,,1138,7
com.fasterxml.jackson.core.json,UTF8JsonGenerator,close,,1145,7
com.fasterxml.jackson.core.json,UTF8JsonGenerator,close,,1146,7
com.fasterxml.jackson.core.json,UTF8JsonGenerator,_releaseBuffers,,1151,7
com.fasterxml.jackson.core.json,UTF8JsonGenerator,_releaseBuffers,,1152,7
com.fasterxml.jackson.core.json,UTF8JsonGenerator,_releaseBuffers,,1153,7
com.fasterxml.jackson.core.json,UTF8JsonGenerator,_releaseBuffers,,1154,7
com.fasterxml.jackson.core.json,UTF8JsonGenerator,_releaseBuffers,,1156,7
com.fasterxml.jackson.core.json,UTF8JsonGenerator,_releaseBuffers,,1157,7
com.fasterxml.jackson.core.json,UTF8JsonGenerator,_releaseBuffers,,1158,7
com.fasterxml.jackson.core.json,UTF8JsonGenerator,_releaseBuffers,,1159,7
com.fasterxml.jackson.core.json,UTF8JsonGenerator,_releaseBuffers,,1161,7
com.fasterxml.jackson.core.json,UTF8JsonGenerator,_writeStringSegment,"java.lang.String,int,int",1327,7
com.fasterxml.jackson.core.json,UTF8JsonGenerator,_writeStringSegment,"java.lang.String,int,int",1329,7
com.fasterxml.jackson.core.json,UTF8JsonGenerator,_writeStringSegment,"java.lang.String,int,int",1330,7
com.fasterxml.jackson.core.json,UTF8JsonGenerator,_writeStringSegment,"java.lang.String,int,int",1331,7
com.fasterxml.jackson.core.json,UTF8JsonGenerator,_writeStringSegment,"java.lang.String,int,int",1333,7
com.fasterxml.jackson.core.json,UTF8JsonGenerator,_writeStringSegment,"java.lang.String,int,int",1334,7
com.fasterxml.jackson.core.json,UTF8JsonGenerator,_writeStringSegment,"java.lang.String,int,int",1336,7
com.fasterxml.jackson.core.json,UTF8JsonGenerator,_writeStringSegment,"java.lang.String,int,int",1339,7
com.fasterxml.jackson.core.json,UTF8JsonGenerator,_writeStringSegment,"java.lang.String,int,int",1340,7
com.fasterxml.jackson.core.json,UTF8JsonGenerator,_writeStringSegment,"java.lang.String,int,int",1341,7
com.fasterxml.jackson.core.json,UTF8JsonGenerator,_writeStringSegment,"java.lang.String,int,int",1342,7
com.fasterxml.jackson.core.json,UTF8JsonGenerator,_writeStringSegment,"java.lang.String,int,int",1343,7
com.fasterxml.jackson.core.json,UTF8JsonGenerator,_writeStringSegment,"java.lang.String,int,int",1352,7
com.fasterxml.jackson.core.json,UTF8JsonGenerator,_flushBuffer,,2082,7
com.fasterxml.jackson.core.json,UTF8JsonGenerator,_flushBuffer,,2083,7
com.fasterxml.jackson.core.json,UTF8JsonGenerator,_flushBuffer,,2084,7
com.fasterxml.jackson.core.json,UTF8JsonGenerator,_flushBuffer,,2085,7
com.fasterxml.jackson.core.json,UTF8JsonGenerator,_flushBuffer,,2087,7
com.fasterxml.jackson.core.json.async,NonBlockingJsonParserBase,NonBlockingJsonParserBase,"com.fasterxml.jackson.core.io.IOContext,int,com.fasterxml.jackson.core.sym.ByteQuadsCanonicalizer",169,7
com.fasterxml.jackson.core.json.async,NonBlockingJsonParserBase,NonBlockingJsonParserBase,"com.fasterxml.jackson.core.io.IOContext,int,com.fasterxml.jackson.core.sym.ByteQuadsCanonicalizer",123,7
com.fasterxml.jackson.core.json.async,NonBlockingJsonParserBase,NonBlockingJsonParserBase,"com.fasterxml.jackson.core.io.IOContext,int,com.fasterxml.jackson.core.sym.ByteQuadsCanonicalizer",158,7
com.fasterxml.jackson.core.json.async,NonBlockingJsonParserBase,NonBlockingJsonParserBase,"com.fasterxml.jackson.core.io.IOContext,int,com.fasterxml.jackson.core.sym.ByteQuadsCanonicalizer",170,7
com.fasterxml.jackson.core.json.async,NonBlockingJsonParserBase,NonBlockingJsonParserBase,"com.fasterxml.jackson.core.io.IOContext,int,com.fasterxml.jackson.core.sym.ByteQuadsCanonicalizer",171,7
com.fasterxml.jackson.core.json.async,NonBlockingJsonParserBase,NonBlockingJsonParserBase,"com.fasterxml.jackson.core.io.IOContext,int,com.fasterxml.jackson.core.sym.ByteQuadsCanonicalizer",172,7
com.fasterxml.jackson.core.json.async,NonBlockingJsonParserBase,NonBlockingJsonParserBase,"com.fasterxml.jackson.core.io.IOContext,int,com.fasterxml.jackson.core.sym.ByteQuadsCanonicalizer",173,7
com.fasterxml.jackson.core.json.async,NonBlockingJsonParserBase,NonBlockingJsonParserBase,"com.fasterxml.jackson.core.io.IOContext,int,com.fasterxml.jackson.core.sym.ByteQuadsCanonicalizer",174,7
com.fasterxml.jackson.core.json.async,NonBlockingJsonParserBase,_startArrayScope,,466,7
com.fasterxml.jackson.core.json.async,NonBlockingJsonParserBase,_startArrayScope,,467,7
com.fasterxml.jackson.core.json.async,NonBlockingJsonParserBase,_startArrayScope,,468,7
com.fasterxml.jackson.core.json.async,NonBlockingJsonParserBase,_startArrayScope,,469,7
com.fasterxml.jackson.core.json.async,NonBlockingJsonParser,NonBlockingJsonParser,"com.fasterxml.jackson.core.io.IOContext,int,com.fasterxml.jackson.core.sym.ByteQuadsCanonicalizer",81,7
com.fasterxml.jackson.core.json.async,NonBlockingJsonParser,NonBlockingJsonParser,"com.fasterxml.jackson.core.io.IOContext,int,com.fasterxml.jackson.core.sym.ByteQuadsCanonicalizer",35,7
com.fasterxml.jackson.core.json.async,NonBlockingJsonParser,NonBlockingJsonParser,"com.fasterxml.jackson.core.io.IOContext,int,com.fasterxml.jackson.core.sym.ByteQuadsCanonicalizer",62,7
com.fasterxml.jackson.core.json.async,NonBlockingJsonParser,NonBlockingJsonParser,"com.fasterxml.jackson.core.io.IOContext,int,com.fasterxml.jackson.core.sym.ByteQuadsCanonicalizer",82,7
com.fasterxml.jackson.core.json.async,NonBlockingJsonParser,getNonBlockingInputFeeder,,92,7
com.fasterxml.jackson.core.json.async,NonBlockingJsonParser,needMoreInput,,97,7
com.fasterxml.jackson.core.json.async,NonBlockingJsonParser,feedInput,"byte[],int,int",104,7
com.fasterxml.jackson.core.json.async,NonBlockingJsonParser,feedInput,"byte[],int,int",107,7
com.fasterxml.jackson.core.json.async,NonBlockingJsonParser,feedInput,"byte[],int,int",111,7
com.fasterxml.jackson.core.json.async,NonBlockingJsonParser,feedInput,"byte[],int,int",115,7
com.fasterxml.jackson.core.json.async,NonBlockingJsonParser,feedInput,"byte[],int,int",118,7
com.fasterxml.jackson.core.json.async,NonBlockingJsonParser,feedInput,"byte[],int,int",119,7
com.fasterxml.jackson.core.json.async,NonBlockingJsonParser,feedInput,"byte[],int,int",120,7
com.fasterxml.jackson.core.json.async,NonBlockingJsonParser,feedInput,"byte[],int,int",121,7
com.fasterxml.jackson.core.json.async,NonBlockingJsonParser,feedInput,"byte[],int,int",122,7
com.fasterxml.jackson.core.json.async,NonBlockingJsonParser,nextToken,,166,7
com.fasterxml.jackson.core.json.async,NonBlockingJsonParser,nextToken,,167,7
com.fasterxml.jackson.core.json.async,NonBlockingJsonParser,nextToken,,171,7
com.fasterxml.jackson.core.json.async,NonBlockingJsonParser,nextToken,,179,7
com.fasterxml.jackson.core.json.async,NonBlockingJsonParser,nextToken,,182,7
com.fasterxml.jackson.core.json.async,NonBlockingJsonParser,nextToken,,187,7
com.fasterxml.jackson.core.json.async,NonBlockingJsonParser,nextToken,,188,7
com.fasterxml.jackson.core.json.async,NonBlockingJsonParser,nextToken,,190,7
com.fasterxml.jackson.core.json.async,NonBlockingJsonParser,nextToken,,191,7
com.fasterxml.jackson.core.json.async,NonBlockingJsonParser,nextToken,,193,7
com.fasterxml.jackson.core.json.async,NonBlockingJsonParser,nextToken,,195,7
com.fasterxml.jackson.core.json.async,NonBlockingJsonParser,nextToken,,210,7
com.fasterxml.jackson.core.json.async,NonBlockingJsonParser,_startDocument,int,341,7
com.fasterxml.jackson.core.json.async,NonBlockingJsonParser,_startDocument,int,344,7
com.fasterxml.jackson.core.json.async,NonBlockingJsonParser,_startDocument,int,349,7
com.fasterxml.jackson.core.json.async,NonBlockingJsonParser,_startDocument,int,374,7
com.fasterxml.jackson.core.json.async,NonBlockingJsonParser,_startValue,int,391,7
com.fasterxml.jackson.core.json.async,NonBlockingJsonParser,_startValue,int,399,7
com.fasterxml.jackson.core.json.async,NonBlockingJsonParser,_startValue,int,400,7
com.fasterxml.jackson.core.json.async,NonBlockingJsonParser,_startValue,int,402,7
com.fasterxml.jackson.core.json.async,NonBlockingJsonParser,_startValue,int,428,7
com.fasterxml.jackson.core.json.async,NonBlockingJsonParser,_startString,int,1842,7
com.fasterxml.jackson.core.json.async,NonBlockingJsonParser,_startString,int,1843,7
