class,method,line,bug
src/main/java/com/fasterxml/jackson/core/base/ParserBase.java,growArrayBy,1101,Jackson-core_13
src/main/java/com/fasterxml/jackson/core/base/ParserBase.java,growArrayBy,1102,Jackson-core_13
src/main/java/com/fasterxml/jackson/core/base/ParserBase.java,growArrayBy,1103,Jackson-core_13
src/main/java/com/fasterxml/jackson/core/base/ParserBase.java,growArrayBy,1104,Jackson-core_13
src/main/java/com/fasterxml/jackson/core/base/ParserBase.java,growArrayBy,1105,Jackson-core_13
src/main/java/com/fasterxml/jackson/core/base/ParserBase.java,growArrayBy,1106,Jackson-core_13
src/main/java/com/fasterxml/jackson/core/base/ParserBase.java,growArrayBy,1107,Jackson-core_13
src/main/java/com/fasterxml/jackson/core/base/ParserBase.java,,6,Jackson-core_13
src/main/java/com/fasterxml/jackson/core/base/ParserBase.java,,1100,Jackson-core_13
src/main/java/com/fasterxml/jackson/core/json/UTF8StreamJsonParser.java,parseEscapedName,1933,Jackson-core_13
src/main/java/com/fasterxml/jackson/core/json/UTF8StreamJsonParser.java,parseEscapedName,1934,Jackson-core_13
src/main/java/com/fasterxml/jackson/core/json/UTF8StreamJsonParser.java,parseEscapedName,1935,Jackson-core_13
src/main/java/com/fasterxml/jackson/core/json/UTF8StreamJsonParser.java,parseEscapedName,1951,Jackson-core_13
src/main/java/com/fasterxml/jackson/core/json/UTF8StreamJsonParser.java,parseEscapedName,1952,Jackson-core_13
src/main/java/com/fasterxml/jackson/core/json/UTF8StreamJsonParser.java,parseEscapedName,1953,Jackson-core_13
src/main/java/com/fasterxml/jackson/core/json/UTF8StreamJsonParser.java,parseEscapedName,2011,Jackson-core_13
src/main/java/com/fasterxml/jackson/core/json/UTF8StreamJsonParser.java,_handleOddName,2028,Jackson-core_13
src/main/java/com/fasterxml/jackson/core/json/UTF8StreamJsonParser.java,_parseAposName,2133,Jackson-core_13
src/main/java/com/fasterxml/jackson/core/json/UTF8StreamJsonParser.java,_parseAposName,2191,Jackson-core_13
src/main/java/com/fasterxml/jackson/core/json/UTF8StreamJsonParser.java,findName,2208,Jackson-core_13
src/main/java/com/fasterxml/jackson/core/json/UTF8StreamJsonParser.java,findName,2221,Jackson-core_13
src/main/java/com/fasterxml/jackson/core/json/UTF8StreamJsonParser.java,findName,2235,Jackson-core_13
src/main/java/com/fasterxml/jackson/core/json/UTF8StreamJsonParser.java,findName,2243,Jackson-core_13
src/main/java/com/fasterxml/jackson/core/json/UTF8StreamJsonParser.java,findName,2252,Jackson-core_13
src/main/java/com/fasterxml/jackson/core/json/UTF8StreamJsonParser.java,_padLastQuad,2377,Jackson-core_13
src/main/java/com/fasterxml/jackson/core/json/UTF8StreamJsonParser.java,_padLastQuad,2378,Jackson-core_13
src/main/java/com/fasterxml/jackson/core/json/UTF8StreamJsonParser.java,_padLastQuad,2379,Jackson-core_13
src/main/java/com/fasterxml/jackson/core/json/UTF8StreamJsonParser.java,,2374,Jackson-core_13
src/main/java/com/fasterxml/jackson/core/json/UTF8StreamJsonParser.java,,2375,Jackson-core_13
src/main/java/com/fasterxml/jackson/core/json/UTF8StreamJsonParser.java,,2376,Jackson-core_13
src/main/java/com/fasterxml/jackson/core/json/UTF8StreamJsonParser.java,,2380,Jackson-core_13
src/main/java/com/fasterxml/jackson/core/json/async/NonBlockingJsonParser.java,_startFieldName,1081,Jackson-core_13
src/main/java/com/fasterxml/jackson/core/json/async/NonBlockingJsonParser.java,_startFieldName,1082,Jackson-core_13
src/main/java/com/fasterxml/jackson/core/json/async/NonBlockingJsonParser.java,_startFieldName,1083,Jackson-core_13
src/main/java/com/fasterxml/jackson/core/json/async/NonBlockingJsonParser.java,_startFieldName,1084,Jackson-core_13
src/main/java/com/fasterxml/jackson/core/json/async/NonBlockingJsonParser.java,_startFieldName,1085,Jackson-core_13
src/main/java/com/fasterxml/jackson/core/json/async/NonBlockingJsonParser.java,_startFieldName,1086,Jackson-core_13
src/main/java/com/fasterxml/jackson/core/json/async/NonBlockingJsonParser.java,_startFieldName,1087,Jackson-core_13
src/main/java/com/fasterxml/jackson/core/json/async/NonBlockingJsonParser.java,_startFieldName,1088,Jackson-core_13
src/main/java/com/fasterxml/jackson/core/json/async/NonBlockingJsonParser.java,_startFieldName,1089,Jackson-core_13
src/main/java/com/fasterxml/jackson/core/json/async/NonBlockingJsonParser.java,_startFieldName,1090,Jackson-core_13
src/main/java/com/fasterxml/jackson/core/json/async/NonBlockingJsonParser.java,_startFieldName,1091,Jackson-core_13
src/main/java/com/fasterxml/jackson/core/json/async/NonBlockingJsonParser.java,_startFieldName,1092,Jackson-core_13
src/main/java/com/fasterxml/jackson/core/json/async/NonBlockingJsonParser.java,_startFieldName,1093,Jackson-core_13
src/main/java/com/fasterxml/jackson/core/json/async/NonBlockingJsonParser.java,_startFieldNameAfterComma,1108,Jackson-core_13
src/main/java/com/fasterxml/jackson/core/json/async/NonBlockingJsonParser.java,_startFieldNameAfterComma,1128,Jackson-core_13
src/main/java/com/fasterxml/jackson/core/json/async/NonBlockingJsonParser.java,_startFieldNameAfterComma,1129,Jackson-core_13
src/main/java/com/fasterxml/jackson/core/json/async/NonBlockingJsonParser.java,_startFieldNameAfterComma,1130,Jackson-core_13
src/main/java/com/fasterxml/jackson/core/json/async/NonBlockingJsonParser.java,_startFieldNameAfterComma,1131,Jackson-core_13
src/main/java/com/fasterxml/jackson/core/json/async/NonBlockingJsonParser.java,_startFieldNameAfterComma,1132,Jackson-core_13
src/main/java/com/fasterxml/jackson/core/json/async/NonBlockingJsonParser.java,_startFieldNameAfterComma,1133,Jackson-core_13
src/main/java/com/fasterxml/jackson/core/json/async/NonBlockingJsonParser.java,_startFieldNameAfterComma,1134,Jackson-core_13
src/main/java/com/fasterxml/jackson/core/json/async/NonBlockingJsonParser.java,_startFieldNameAfterComma,1135,Jackson-core_13
src/main/java/com/fasterxml/jackson/core/json/async/NonBlockingJsonParser.java,_startFieldNameAfterComma,1136,Jackson-core_13
src/main/java/com/fasterxml/jackson/core/json/async/NonBlockingJsonParser.java,_startFieldNameAfterComma,1137,Jackson-core_13
src/main/java/com/fasterxml/jackson/core/json/async/NonBlockingJsonParser.java,_startFieldNameAfterComma,1138,Jackson-core_13
src/main/java/com/fasterxml/jackson/core/json/async/NonBlockingJsonParser.java,_parseName,1140,Jackson-core_13
src/main/java/com/fasterxml/jackson/core/json/async/NonBlockingJsonParser.java,_parseName,1141,Jackson-core_13
src/main/java/com/fasterxml/jackson/core/json/async/NonBlockingJsonParser.java,_parseName,1142,Jackson-core_13
src/main/java/com/fasterxml/jackson/core/json/async/NonBlockingJsonParser.java,_parseName,1143,Jackson-core_13
src/main/java/com/fasterxml/jackson/core/json/async/NonBlockingJsonParser.java,_parseName,1144,Jackson-core_13
src/main/java/com/fasterxml/jackson/core/json/async/NonBlockingJsonParser.java,_parseName,1145,Jackson-core_13
src/main/java/com/fasterxml/jackson/core/json/async/NonBlockingJsonParser.java,_parseName,1146,Jackson-core_13
src/main/java/com/fasterxml/jackson/core/json/async/NonBlockingJsonParser.java,_parseName,1147,Jackson-core_13
src/main/java/com/fasterxml/jackson/core/json/async/NonBlockingJsonParser.java,_parseName,1148,Jackson-core_13
src/main/java/com/fasterxml/jackson/core/json/async/NonBlockingJsonParser.java,_parseName,1149,Jackson-core_13
src/main/java/com/fasterxml/jackson/core/json/async/NonBlockingJsonParser.java,_parseName,1150,Jackson-core_13
src/main/java/com/fasterxml/jackson/core/json/async/NonBlockingJsonParser.java,_parseName,1151,Jackson-core_13
src/main/java/com/fasterxml/jackson/core/json/async/NonBlockingJsonParser.java,_parseName,1152,Jackson-core_13
src/main/java/com/fasterxml/jackson/core/json/async/NonBlockingJsonParser.java,_parseName,1153,Jackson-core_13
src/main/java/com/fasterxml/jackson/core/json/async/NonBlockingJsonParser.java,_parseName,1154,Jackson-core_13
src/main/java/com/fasterxml/jackson/core/json/async/NonBlockingJsonParser.java,_parseName,1155,Jackson-core_13
src/main/java/com/fasterxml/jackson/core/json/async/NonBlockingJsonParser.java,_parseName,1156,Jackson-core_13
src/main/java/com/fasterxml/jackson/core/json/async/NonBlockingJsonParser.java,_parseName,1157,Jackson-core_13
src/main/java/com/fasterxml/jackson/core/json/async/NonBlockingJsonParser.java,_parseName,1158,Jackson-core_13
src/main/java/com/fasterxml/jackson/core/json/async/NonBlockingJsonParser.java,_parseName,1159,Jackson-core_13
src/main/java/com/fasterxml/jackson/core/json/async/NonBlockingJsonParser.java,_parseName,1160,Jackson-core_13
src/main/java/com/fasterxml/jackson/core/json/async/NonBlockingJsonParser.java,_parseName,1161,Jackson-core_13
src/main/java/com/fasterxml/jackson/core/json/async/NonBlockingJsonParser.java,_parseName,1162,Jackson-core_13
src/main/java/com/fasterxml/jackson/core/json/async/NonBlockingJsonParser.java,_parseName,1163,Jackson-core_13
src/main/java/com/fasterxml/jackson/core/json/async/NonBlockingJsonParser.java,_parseName,1164,Jackson-core_13
src/main/java/com/fasterxml/jackson/core/json/async/NonBlockingJsonParser.java,_parseName,1165,Jackson-core_13
src/main/java/com/fasterxml/jackson/core/json/async/NonBlockingJsonParser.java,_parseName,1166,Jackson-core_13
src/main/java/com/fasterxml/jackson/core/json/async/NonBlockingJsonParser.java,_parseName,1167,Jackson-core_13
src/main/java/com/fasterxml/jackson/core/json/async/NonBlockingJsonParser.java,_parseName,1168,Jackson-core_13
src/main/java/com/fasterxml/jackson/core/json/async/NonBlockingJsonParser.java,_parseName,1169,Jackson-core_13
src/main/java/com/fasterxml/jackson/core/json/async/NonBlockingJsonParser.java,_parseName,1170,Jackson-core_13
src/main/java/com/fasterxml/jackson/core/json/async/NonBlockingJsonParser.java,_parseName,1171,Jackson-core_13
src/main/java/com/fasterxml/jackson/core/json/async/NonBlockingJsonParser.java,_parseName,1172,Jackson-core_13
src/main/java/com/fasterxml/jackson/core/json/async/NonBlockingJsonParser.java,_parseName,1173,Jackson-core_13
src/main/java/com/fasterxml/jackson/core/json/async/NonBlockingJsonParser.java,_parseName,1174,Jackson-core_13
src/main/java/com/fasterxml/jackson/core/json/async/NonBlockingJsonParser.java,_parseName,1175,Jackson-core_13
src/main/java/com/fasterxml/jackson/core/json/async/NonBlockingJsonParser.java,_parseName,1176,Jackson-core_13
src/main/java/com/fasterxml/jackson/core/json/async/NonBlockingJsonParser.java,_parseName,1177,Jackson-core_13
src/main/java/com/fasterxml/jackson/core/json/async/NonBlockingJsonParser.java,_parseName,1178,Jackson-core_13
src/main/java/com/fasterxml/jackson/core/json/async/NonBlockingJsonParser.java,_parseName,1179,Jackson-core_13
src/main/java/com/fasterxml/jackson/core/json/async/NonBlockingJsonParser.java,_parseName,1180,Jackson-core_13
src/main/java/com/fasterxml/jackson/core/json/async/NonBlockingJsonParser.java,_parseName,1181,Jackson-core_13
src/main/java/com/fasterxml/jackson/core/json/async/NonBlockingJsonParser.java,_parseName,1182,Jackson-core_13
src/main/java/com/fasterxml/jackson/core/json/async/NonBlockingJsonParser.java,_parseName,1183,Jackson-core_13
src/main/java/com/fasterxml/jackson/core/json/async/NonBlockingJsonParser.java,_parseName,1184,Jackson-core_13
src/main/java/com/fasterxml/jackson/core/json/async/NonBlockingJsonParser.java,_parseName,1185,Jackson-core_13
src/main/java/com/fasterxml/jackson/core/json/async/NonBlockingJsonParser.java,_parseName,1186,Jackson-core_13
src/main/java/com/fasterxml/jackson/core/json/async/NonBlockingJsonParser.java,_parseName,1187,Jackson-core_13
src/main/java/com/fasterxml/jackson/core/json/async/NonBlockingJsonParser.java,_parseName,1188,Jackson-core_13
src/main/java/com/fasterxml/jackson/core/json/async/NonBlockingJsonParser.java,_parseName,1189,Jackson-core_13
src/main/java/com/fasterxml/jackson/core/json/async/NonBlockingJsonParser.java,_parseName,1190,Jackson-core_13
src/main/java/com/fasterxml/jackson/core/json/async/NonBlockingJsonParser.java,_parseName,1191,Jackson-core_13
src/main/java/com/fasterxml/jackson/core/json/async/NonBlockingJsonParser.java,_parseName,1192,Jackson-core_13
src/main/java/com/fasterxml/jackson/core/json/async/NonBlockingJsonParser.java,_parseName,1193,Jackson-core_13
src/main/java/com/fasterxml/jackson/core/json/async/NonBlockingJsonParser.java,_parseName,1194,Jackson-core_13
src/main/java/com/fasterxml/jackson/core/json/async/NonBlockingJsonParser.java,_parseName,1195,Jackson-core_13
src/main/java/com/fasterxml/jackson/core/json/async/NonBlockingJsonParser.java,_parseName,1196,Jackson-core_13
src/main/java/com/fasterxml/jackson/core/json/async/NonBlockingJsonParser.java,_parseName,1197,Jackson-core_13
src/main/java/com/fasterxml/jackson/core/json/async/NonBlockingJsonParser.java,_parseName,1198,Jackson-core_13
src/main/java/com/fasterxml/jackson/core/json/async/NonBlockingJsonParser.java,_parseName,1199,Jackson-core_13
src/main/java/com/fasterxml/jackson/core/json/async/NonBlockingJsonParser.java,_parseName,1200,Jackson-core_13
src/main/java/com/fasterxml/jackson/core/json/async/NonBlockingJsonParser.java,parseMediumName,1202,Jackson-core_13
src/main/java/com/fasterxml/jackson/core/json/async/NonBlockingJsonParser.java,parseMediumName,1203,Jackson-core_13
src/main/java/com/fasterxml/jackson/core/json/async/NonBlockingJsonParser.java,parseMediumName,1204,Jackson-core_13
src/main/java/com/fasterxml/jackson/core/json/async/NonBlockingJsonParser.java,parseMediumName,1205,Jackson-core_13
src/main/java/com/fasterxml/jackson/core/json/async/NonBlockingJsonParser.java,parseMediumName,1206,Jackson-core_13
src/main/java/com/fasterxml/jackson/core/json/async/NonBlockingJsonParser.java,parseMediumName,1207,Jackson-core_13
src/main/java/com/fasterxml/jackson/core/json/async/NonBlockingJsonParser.java,parseMediumName,1208,Jackson-core_13
src/main/java/com/fasterxml/jackson/core/json/async/NonBlockingJsonParser.java,parseMediumName,1209,Jackson-core_13
src/main/java/com/fasterxml/jackson/core/json/async/NonBlockingJsonParser.java,parseMediumName,1210,Jackson-core_13
src/main/java/com/fasterxml/jackson/core/json/async/NonBlockingJsonParser.java,parseMediumName,1211,Jackson-core_13
src/main/java/com/fasterxml/jackson/core/json/async/NonBlockingJsonParser.java,parseMediumName,1212,Jackson-core_13
src/main/java/com/fasterxml/jackson/core/json/async/NonBlockingJsonParser.java,parseMediumName,1213,Jackson-core_13
src/main/java/com/fasterxml/jackson/core/json/async/NonBlockingJsonParser.java,parseMediumName,1214,Jackson-core_13
src/main/java/com/fasterxml/jackson/core/json/async/NonBlockingJsonParser.java,parseMediumName,1215,Jackson-core_13
src/main/java/com/fasterxml/jackson/core/json/async/NonBlockingJsonParser.java,parseMediumName,1216,Jackson-core_13
src/main/java/com/fasterxml/jackson/core/json/async/NonBlockingJsonParser.java,parseMediumName,1217,Jackson-core_13
src/main/java/com/fasterxml/jackson/core/json/async/NonBlockingJsonParser.java,parseMediumName,1218,Jackson-core_13
src/main/java/com/fasterxml/jackson/core/json/async/NonBlockingJsonParser.java,parseMediumName,1219,Jackson-core_13
src/main/java/com/fasterxml/jackson/core/json/async/NonBlockingJsonParser.java,parseMediumName,1220,Jackson-core_13
src/main/java/com/fasterxml/jackson/core/json/async/NonBlockingJsonParser.java,parseMediumName,1221,Jackson-core_13
src/main/java/com/fasterxml/jackson/core/json/async/NonBlockingJsonParser.java,parseMediumName,1222,Jackson-core_13
src/main/java/com/fasterxml/jackson/core/json/async/NonBlockingJsonParser.java,parseMediumName,1223,Jackson-core_13
src/main/java/com/fasterxml/jackson/core/json/async/NonBlockingJsonParser.java,parseMediumName,1224,Jackson-core_13
src/main/java/com/fasterxml/jackson/core/json/async/NonBlockingJsonParser.java,parseMediumName,1225,Jackson-core_13
src/main/java/com/fasterxml/jackson/core/json/async/NonBlockingJsonParser.java,parseMediumName,1226,Jackson-core_13
src/main/java/com/fasterxml/jackson/core/json/async/NonBlockingJsonParser.java,parseMediumName,1227,Jackson-core_13
src/main/java/com/fasterxml/jackson/core/json/async/NonBlockingJsonParser.java,parseMediumName,1228,Jackson-core_13
src/main/java/com/fasterxml/jackson/core/json/async/NonBlockingJsonParser.java,parseMediumName,1229,Jackson-core_13
src/main/java/com/fasterxml/jackson/core/json/async/NonBlockingJsonParser.java,parseMediumName,1230,Jackson-core_13
src/main/java/com/fasterxml/jackson/core/json/async/NonBlockingJsonParser.java,parseMediumName,1231,Jackson-core_13
src/main/java/com/fasterxml/jackson/core/json/async/NonBlockingJsonParser.java,parseMediumName,1232,Jackson-core_13
src/main/java/com/fasterxml/jackson/core/json/async/NonBlockingJsonParser.java,parseMediumName,1233,Jackson-core_13
src/main/java/com/fasterxml/jackson/core/json/async/NonBlockingJsonParser.java,parseMediumName,1234,Jackson-core_13
src/main/java/com/fasterxml/jackson/core/json/async/NonBlockingJsonParser.java,parseMediumName,1235,Jackson-core_13
src/main/java/com/fasterxml/jackson/core/json/async/NonBlockingJsonParser.java,parseMediumName,1236,Jackson-core_13
src/main/java/com/fasterxml/jackson/core/json/async/NonBlockingJsonParser.java,parseMediumName,1237,Jackson-core_13
src/main/java/com/fasterxml/jackson/core/json/async/NonBlockingJsonParser.java,parseMediumName,1238,Jackson-core_13
src/main/java/com/fasterxml/jackson/core/json/async/NonBlockingJsonParser.java,parseMediumName,1239,Jackson-core_13
src/main/java/com/fasterxml/jackson/core/json/async/NonBlockingJsonParser.java,parseMediumName,1240,Jackson-core_13
src/main/java/com/fasterxml/jackson/core/json/async/NonBlockingJsonParser.java,parseMediumName2,1245,Jackson-core_13
src/main/java/com/fasterxml/jackson/core/json/async/NonBlockingJsonParser.java,parseMediumName2,1246,Jackson-core_13
src/main/java/com/fasterxml/jackson/core/json/async/NonBlockingJsonParser.java,parseMediumName2,1247,Jackson-core_13
src/main/java/com/fasterxml/jackson/core/json/async/NonBlockingJsonParser.java,parseMediumName2,1248,Jackson-core_13
src/main/java/com/fasterxml/jackson/core/json/async/NonBlockingJsonParser.java,parseMediumName2,1249,Jackson-core_13
src/main/java/com/fasterxml/jackson/core/json/async/NonBlockingJsonParser.java,parseMediumName2,1250,Jackson-core_13
src/main/java/com/fasterxml/jackson/core/json/async/NonBlockingJsonParser.java,parseMediumName2,1251,Jackson-core_13
src/main/java/com/fasterxml/jackson/core/json/async/NonBlockingJsonParser.java,parseMediumName2,1252,Jackson-core_13
src/main/java/com/fasterxml/jackson/core/json/async/NonBlockingJsonParser.java,parseMediumName2,1253,Jackson-core_13
src/main/java/com/fasterxml/jackson/core/json/async/NonBlockingJsonParser.java,parseMediumName2,1254,Jackson-core_13
src/main/java/com/fasterxml/jackson/core/json/async/NonBlockingJsonParser.java,parseMediumName2,1255,Jackson-core_13
src/main/java/com/fasterxml/jackson/core/json/async/NonBlockingJsonParser.java,parseMediumName2,1256,Jackson-core_13
src/main/java/com/fasterxml/jackson/core/json/async/NonBlockingJsonParser.java,parseMediumName2,1257,Jackson-core_13
src/main/java/com/fasterxml/jackson/core/json/async/NonBlockingJsonParser.java,parseMediumName2,1258,Jackson-core_13
src/main/java/com/fasterxml/jackson/core/json/async/NonBlockingJsonParser.java,parseMediumName2,1259,Jackson-core_13
src/main/java/com/fasterxml/jackson/core/json/async/NonBlockingJsonParser.java,parseMediumName2,1260,Jackson-core_13
src/main/java/com/fasterxml/jackson/core/json/async/NonBlockingJsonParser.java,parseMediumName2,1261,Jackson-core_13
src/main/java/com/fasterxml/jackson/core/json/async/NonBlockingJsonParser.java,parseMediumName2,1262,Jackson-core_13
src/main/java/com/fasterxml/jackson/core/json/async/NonBlockingJsonParser.java,parseMediumName2,1263,Jackson-core_13
src/main/java/com/fasterxml/jackson/core/json/async/NonBlockingJsonParser.java,parseMediumName2,1264,Jackson-core_13
src/main/java/com/fasterxml/jackson/core/json/async/NonBlockingJsonParser.java,parseMediumName2,1265,Jackson-core_13
src/main/java/com/fasterxml/jackson/core/json/async/NonBlockingJsonParser.java,parseMediumName2,1266,Jackson-core_13
src/main/java/com/fasterxml/jackson/core/json/async/NonBlockingJsonParser.java,parseMediumName2,1267,Jackson-core_13
src/main/java/com/fasterxml/jackson/core/json/async/NonBlockingJsonParser.java,parseMediumName2,1268,Jackson-core_13
src/main/java/com/fasterxml/jackson/core/json/async/NonBlockingJsonParser.java,parseMediumName2,1269,Jackson-core_13
src/main/java/com/fasterxml/jackson/core/json/async/NonBlockingJsonParser.java,parseMediumName2,1270,Jackson-core_13
src/main/java/com/fasterxml/jackson/core/json/async/NonBlockingJsonParser.java,parseMediumName2,1271,Jackson-core_13
src/main/java/com/fasterxml/jackson/core/json/async/NonBlockingJsonParser.java,parseMediumName2,1272,Jackson-core_13
src/main/java/com/fasterxml/jackson/core/json/async/NonBlockingJsonParser.java,parseMediumName2,1273,Jackson-core_13
src/main/java/com/fasterxml/jackson/core/json/async/NonBlockingJsonParser.java,parseMediumName2,1274,Jackson-core_13
src/main/java/com/fasterxml/jackson/core/json/async/NonBlockingJsonParser.java,parseMediumName2,1275,Jackson-core_13
src/main/java/com/fasterxml/jackson/core/json/async/NonBlockingJsonParser.java,parseMediumName2,1276,Jackson-core_13
src/main/java/com/fasterxml/jackson/core/json/async/NonBlockingJsonParser.java,parseMediumName2,1277,Jackson-core_13
src/main/java/com/fasterxml/jackson/core/json/async/NonBlockingJsonParser.java,parseMediumName2,1278,Jackson-core_13
src/main/java/com/fasterxml/jackson/core/json/async/NonBlockingJsonParser.java,parseMediumName2,1279,Jackson-core_13
src/main/java/com/fasterxml/jackson/core/json/async/NonBlockingJsonParser.java,parseMediumName2,1280,Jackson-core_13
src/main/java/com/fasterxml/jackson/core/json/async/NonBlockingJsonParser.java,parseMediumName2,1281,Jackson-core_13
src/main/java/com/fasterxml/jackson/core/json/async/NonBlockingJsonParser.java,parseMediumName2,1282,Jackson-core_13
src/main/java/com/fasterxml/jackson/core/json/async/NonBlockingJsonParser.java,parseMediumName2,1283,Jackson-core_13
src/main/java/com/fasterxml/jackson/core/json/async/NonBlockingJsonParser.java,parseLongName,1285,Jackson-core_13
src/main/java/com/fasterxml/jackson/core/json/async/NonBlockingJsonParser.java,parseLongName,1286,Jackson-core_13
src/main/java/com/fasterxml/jackson/core/json/async/NonBlockingJsonParser.java,parseLongName,1287,Jackson-core_13
src/main/java/com/fasterxml/jackson/core/json/async/NonBlockingJsonParser.java,parseLongName,1288,Jackson-core_13
src/main/java/com/fasterxml/jackson/core/json/async/NonBlockingJsonParser.java,parseLongName,1289,Jackson-core_13
src/main/java/com/fasterxml/jackson/core/json/async/NonBlockingJsonParser.java,parseLongName,1290,Jackson-core_13
src/main/java/com/fasterxml/jackson/core/json/async/NonBlockingJsonParser.java,parseLongName,1291,Jackson-core_13
src/main/java/com/fasterxml/jackson/core/json/async/NonBlockingJsonParser.java,parseLongName,1292,Jackson-core_13
src/main/java/com/fasterxml/jackson/core/json/async/NonBlockingJsonParser.java,parseLongName,1293,Jackson-core_13
src/main/java/com/fasterxml/jackson/core/json/async/NonBlockingJsonParser.java,parseLongName,1294,Jackson-core_13
src/main/java/com/fasterxml/jackson/core/json/async/NonBlockingJsonParser.java,parseLongName,1295,Jackson-core_13
src/main/java/com/fasterxml/jackson/core/json/async/NonBlockingJsonParser.java,parseLongName,1296,Jackson-core_13
src/main/java/com/fasterxml/jackson/core/json/async/NonBlockingJsonParser.java,parseLongName,1297,Jackson-core_13
src/main/java/com/fasterxml/jackson/core/json/async/NonBlockingJsonParser.java,parseLongName,1298,Jackson-core_13
src/main/java/com/fasterxml/jackson/core/json/async/NonBlockingJsonParser.java,parseLongName,1299,Jackson-core_13
src/main/java/com/fasterxml/jackson/core/json/async/NonBlockingJsonParser.java,parseLongName,1300,Jackson-core_13
src/main/java/com/fasterxml/jackson/core/json/async/NonBlockingJsonParser.java,parseLongName,1301,Jackson-core_13
src/main/java/com/fasterxml/jackson/core/json/async/NonBlockingJsonParser.java,parseLongName,1302,Jackson-core_13
src/main/java/com/fasterxml/jackson/core/json/async/NonBlockingJsonParser.java,parseLongName,1303,Jackson-core_13
src/main/java/com/fasterxml/jackson/core/json/async/NonBlockingJsonParser.java,parseLongName,1304,Jackson-core_13
src/main/java/com/fasterxml/jackson/core/json/async/NonBlockingJsonParser.java,parseLongName,1305,Jackson-core_13
src/main/java/com/fasterxml/jackson/core/json/async/NonBlockingJsonParser.java,parseLongName,1306,Jackson-core_13
src/main/java/com/fasterxml/jackson/core/json/async/NonBlockingJsonParser.java,parseLongName,1307,Jackson-core_13
src/main/java/com/fasterxml/jackson/core/json/async/NonBlockingJsonParser.java,parseLongName,1308,Jackson-core_13
src/main/java/com/fasterxml/jackson/core/json/async/NonBlockingJsonParser.java,parseLongName,1309,Jackson-core_13
src/main/java/com/fasterxml/jackson/core/json/async/NonBlockingJsonParser.java,parseLongName,1310,Jackson-core_13
src/main/java/com/fasterxml/jackson/core/json/async/NonBlockingJsonParser.java,parseLongName,1311,Jackson-core_13
src/main/java/com/fasterxml/jackson/core/json/async/NonBlockingJsonParser.java,parseLongName,1312,Jackson-core_13
src/main/java/com/fasterxml/jackson/core/json/async/NonBlockingJsonParser.java,parseLongName,1313,Jackson-core_13
src/main/java/com/fasterxml/jackson/core/json/async/NonBlockingJsonParser.java,parseLongName,1314,Jackson-core_13
src/main/java/com/fasterxml/jackson/core/json/async/NonBlockingJsonParser.java,parseLongName,1315,Jackson-core_13
src/main/java/com/fasterxml/jackson/core/json/async/NonBlockingJsonParser.java,parseLongName,1316,Jackson-core_13
src/main/java/com/fasterxml/jackson/core/json/async/NonBlockingJsonParser.java,parseLongName,1317,Jackson-core_13
src/main/java/com/fasterxml/jackson/core/json/async/NonBlockingJsonParser.java,parseLongName,1318,Jackson-core_13
src/main/java/com/fasterxml/jackson/core/json/async/NonBlockingJsonParser.java,parseLongName,1319,Jackson-core_13
src/main/java/com/fasterxml/jackson/core/json/async/NonBlockingJsonParser.java,parseLongName,1320,Jackson-core_13
src/main/java/com/fasterxml/jackson/core/json/async/NonBlockingJsonParser.java,parseLongName,1321,Jackson-core_13
src/main/java/com/fasterxml/jackson/core/json/async/NonBlockingJsonParser.java,parseLongName,1322,Jackson-core_13
src/main/java/com/fasterxml/jackson/core/json/async/NonBlockingJsonParser.java,parseLongName,1323,Jackson-core_13
src/main/java/com/fasterxml/jackson/core/json/async/NonBlockingJsonParser.java,parseLongName,1324,Jackson-core_13
src/main/java/com/fasterxml/jackson/core/json/async/NonBlockingJsonParser.java,parseLongName,1325,Jackson-core_13
src/main/java/com/fasterxml/jackson/core/json/async/NonBlockingJsonParser.java,parseLongName,1326,Jackson-core_13
src/main/java/com/fasterxml/jackson/core/json/async/NonBlockingJsonParser.java,parseLongName,1327,Jackson-core_13
src/main/java/com/fasterxml/jackson/core/json/async/NonBlockingJsonParser.java,parseLongName,1328,Jackson-core_13
src/main/java/com/fasterxml/jackson/core/json/async/NonBlockingJsonParser.java,parseLongName,1329,Jackson-core_13
src/main/java/com/fasterxml/jackson/core/json/async/NonBlockingJsonParser.java,parseLongName,1330,Jackson-core_13
src/main/java/com/fasterxml/jackson/core/json/async/NonBlockingJsonParser.java,parseLongName,1331,Jackson-core_13
src/main/java/com/fasterxml/jackson/core/json/async/NonBlockingJsonParser.java,parseLongName,1332,Jackson-core_13
src/main/java/com/fasterxml/jackson/core/json/async/NonBlockingJsonParser.java,parseLongName,1333,Jackson-core_13
src/main/java/com/fasterxml/jackson/core/json/async/NonBlockingJsonParser.java,parseLongName,1334,Jackson-core_13
src/main/java/com/fasterxml/jackson/core/json/async/NonBlockingJsonParser.java,parseLongName,1335,Jackson-core_13
src/main/java/com/fasterxml/jackson/core/json/async/NonBlockingJsonParser.java,parseLongName,1336,Jackson-core_13
src/main/java/com/fasterxml/jackson/core/json/async/NonBlockingJsonParser.java,parseLongName,1337,Jackson-core_13
src/main/java/com/fasterxml/jackson/core/json/async/NonBlockingJsonParser.java,parseLongName,1338,Jackson-core_13
src/main/java/com/fasterxml/jackson/core/json/async/NonBlockingJsonParser.java,parseLongName,1339,Jackson-core_13
src/main/java/com/fasterxml/jackson/core/json/async/NonBlockingJsonParser.java,parseLongName,1340,Jackson-core_13
src/main/java/com/fasterxml/jackson/core/json/async/NonBlockingJsonParser.java,parseLongName,1341,Jackson-core_13
src/main/java/com/fasterxml/jackson/core/json/async/NonBlockingJsonParser.java,parseLongName,1342,Jackson-core_13
src/main/java/com/fasterxml/jackson/core/json/async/NonBlockingJsonParser.java,parseLongName,1343,Jackson-core_13
src/main/java/com/fasterxml/jackson/core/json/async/NonBlockingJsonParser.java,parseLongName,1344,Jackson-core_13
src/main/java/com/fasterxml/jackson/core/json/async/NonBlockingJsonParser.java,parseLongName,1345,Jackson-core_13
src/main/java/com/fasterxml/jackson/core/json/async/NonBlockingJsonParser.java,slowParseName,1352,Jackson-core_13
src/main/java/com/fasterxml/jackson/core/json/async/NonBlockingJsonParser.java,slowParseName,1353,Jackson-core_13
src/main/java/com/fasterxml/jackson/core/json/async/NonBlockingJsonParser.java,slowParseName,1354,Jackson-core_13
src/main/java/com/fasterxml/jackson/core/json/async/NonBlockingJsonParser.java,slowParseName,1355,Jackson-core_13
src/main/java/com/fasterxml/jackson/core/json/async/NonBlockingJsonParser.java,slowParseName,1356,Jackson-core_13
src/main/java/com/fasterxml/jackson/core/json/async/NonBlockingJsonParser.java,slowParseName,1357,Jackson-core_13
src/main/java/com/fasterxml/jackson/core/json/async/NonBlockingJsonParser.java,slowParseName,1358,Jackson-core_13
src/main/java/com/fasterxml/jackson/core/json/async/NonBlockingJsonParser.java,slowParseName,1359,Jackson-core_13
src/main/java/com/fasterxml/jackson/core/json/async/NonBlockingJsonParser.java,slowParseName,1360,Jackson-core_13
src/main/java/com/fasterxml/jackson/core/json/async/NonBlockingJsonParser.java,slowParseName,1361,Jackson-core_13
src/main/java/com/fasterxml/jackson/core/json/async/NonBlockingJsonParser.java,slowParseName,1362,Jackson-core_13
src/main/java/com/fasterxml/jackson/core/json/async/NonBlockingJsonParser.java,slowParseName,1363,Jackson-core_13
src/main/java/com/fasterxml/jackson/core/json/async/NonBlockingJsonParser.java,slowParseName,1364,Jackson-core_13
src/main/java/com/fasterxml/jackson/core/json/async/NonBlockingJsonParser.java,parseName,1366,Jackson-core_13
src/main/java/com/fasterxml/jackson/core/json/async/NonBlockingJsonParser.java,parseName,1367,Jackson-core_13
src/main/java/com/fasterxml/jackson/core/json/async/NonBlockingJsonParser.java,parseName,1368,Jackson-core_13
src/main/java/com/fasterxml/jackson/core/json/async/NonBlockingJsonParser.java,parseName,1370,Jackson-core_13
src/main/java/com/fasterxml/jackson/core/json/async/NonBlockingJsonParser.java,parseName,1371,Jackson-core_13
src/main/java/com/fasterxml/jackson/core/json/async/NonBlockingJsonParser.java,parseName,1372,Jackson-core_13
src/main/java/com/fasterxml/jackson/core/json/async/NonBlockingJsonParser.java,parseName,1373,Jackson-core_13
src/main/java/com/fasterxml/jackson/core/json/async/NonBlockingJsonParser.java,parseName,1375,Jackson-core_13
src/main/java/com/fasterxml/jackson/core/json/async/NonBlockingJsonParser.java,parseName,1376,Jackson-core_13
src/main/java/com/fasterxml/jackson/core/json/async/NonBlockingJsonParser.java,parseName,1377,Jackson-core_13
src/main/java/com/fasterxml/jackson/core/json/async/NonBlockingJsonParser.java,parseName,1378,Jackson-core_13
src/main/java/com/fasterxml/jackson/core/json/async/NonBlockingJsonParser.java,parseName,1379,Jackson-core_13
src/main/java/com/fasterxml/jackson/core/json/async/NonBlockingJsonParser.java,parseEscapedName,1388,Jackson-core_13
src/main/java/com/fasterxml/jackson/core/json/async/NonBlockingJsonParser.java,parseEscapedName,1389,Jackson-core_13
src/main/java/com/fasterxml/jackson/core/json/async/NonBlockingJsonParser.java,parseEscapedName,1390,Jackson-core_13
src/main/java/com/fasterxml/jackson/core/json/async/NonBlockingJsonParser.java,parseEscapedName,1391,Jackson-core_13
src/main/java/com/fasterxml/jackson/core/json/async/NonBlockingJsonParser.java,parseEscapedName,1392,Jackson-core_13
src/main/java/com/fasterxml/jackson/core/json/async/NonBlockingJsonParser.java,parseEscapedName,1393,Jackson-core_13
src/main/java/com/fasterxml/jackson/core/json/async/NonBlockingJsonParser.java,parseEscapedName,1394,Jackson-core_13
src/main/java/com/fasterxml/jackson/core/json/async/NonBlockingJsonParser.java,parseEscapedName,1395,Jackson-core_13
src/main/java/com/fasterxml/jackson/core/json/async/NonBlockingJsonParser.java,parseEscapedName,1396,Jackson-core_13
src/main/java/com/fasterxml/jackson/core/json/async/NonBlockingJsonParser.java,parseEscapedName,1397,Jackson-core_13
src/main/java/com/fasterxml/jackson/core/json/async/NonBlockingJsonParser.java,parseEscapedName,1398,Jackson-core_13
src/main/java/com/fasterxml/jackson/core/json/async/NonBlockingJsonParser.java,parseEscapedName,1399,Jackson-core_13
src/main/java/com/fasterxml/jackson/core/json/async/NonBlockingJsonParser.java,parseEscapedName,1400,Jackson-core_13
src/main/java/com/fasterxml/jackson/core/json/async/NonBlockingJsonParser.java,parseEscapedName,1401,Jackson-core_13
src/main/java/com/fasterxml/jackson/core/json/async/NonBlockingJsonParser.java,parseEscapedName,1402,Jackson-core_13
src/main/java/com/fasterxml/jackson/core/json/async/NonBlockingJsonParser.java,parseEscapedName,1403,Jackson-core_13
src/main/java/com/fasterxml/jackson/core/json/async/NonBlockingJsonParser.java,parseEscapedName,1404,Jackson-core_13
src/main/java/com/fasterxml/jackson/core/json/async/NonBlockingJsonParser.java,parseEscapedName,1405,Jackson-core_13
src/main/java/com/fasterxml/jackson/core/json/async/NonBlockingJsonParser.java,parseEscapedName,1406,Jackson-core_13
src/main/java/com/fasterxml/jackson/core/json/async/NonBlockingJsonParser.java,parseEscapedName,1407,Jackson-core_13
src/main/java/com/fasterxml/jackson/core/json/async/NonBlockingJsonParser.java,parseEscapedName,1408,Jackson-core_13
src/main/java/com/fasterxml/jackson/core/json/async/NonBlockingJsonParser.java,parseEscapedName,1409,Jackson-core_13
src/main/java/com/fasterxml/jackson/core/json/async/NonBlockingJsonParser.java,parseEscapedName,1410,Jackson-core_13
src/main/java/com/fasterxml/jackson/core/json/async/NonBlockingJsonParser.java,parseEscapedName,1411,Jackson-core_13
src/main/java/com/fasterxml/jackson/core/json/async/NonBlockingJsonParser.java,parseEscapedName,1412,Jackson-core_13
src/main/java/com/fasterxml/jackson/core/json/async/NonBlockingJsonParser.java,parseEscapedName,1413,Jackson-core_13
src/main/java/com/fasterxml/jackson/core/json/async/NonBlockingJsonParser.java,parseEscapedName,1414,Jackson-core_13
src/main/java/com/fasterxml/jackson/core/json/async/NonBlockingJsonParser.java,parseEscapedName,1415,Jackson-core_13
src/main/java/com/fasterxml/jackson/core/json/async/NonBlockingJsonParser.java,parseEscapedName,1416,Jackson-core_13
src/main/java/com/fasterxml/jackson/core/json/async/NonBlockingJsonParser.java,parseEscapedName,1417,Jackson-core_13
src/main/java/com/fasterxml/jackson/core/json/async/NonBlockingJsonParser.java,parseEscapedName,1418,Jackson-core_13
src/main/java/com/fasterxml/jackson/core/json/async/NonBlockingJsonParser.java,parseEscapedName,1419,Jackson-core_13
src/main/java/com/fasterxml/jackson/core/json/async/NonBlockingJsonParser.java,parseEscapedName,1420,Jackson-core_13
src/main/java/com/fasterxml/jackson/core/json/async/NonBlockingJsonParser.java,parseEscapedName,1421,Jackson-core_13
src/main/java/com/fasterxml/jackson/core/json/async/NonBlockingJsonParser.java,parseEscapedName,1422,Jackson-core_13
src/main/java/com/fasterxml/jackson/core/json/async/NonBlockingJsonParser.java,parseEscapedName,1423,Jackson-core_13
src/main/java/com/fasterxml/jackson/core/json/async/NonBlockingJsonParser.java,parseEscapedName,1424,Jackson-core_13
src/main/java/com/fasterxml/jackson/core/json/async/NonBlockingJsonParser.java,parseEscapedName,1425,Jackson-core_13
src/main/java/com/fasterxml/jackson/core/json/async/NonBlockingJsonParser.java,parseEscapedName,1426,Jackson-core_13
src/main/java/com/fasterxml/jackson/core/json/async/NonBlockingJsonParser.java,parseEscapedName,1427,Jackson-core_13
src/main/java/com/fasterxml/jackson/core/json/async/NonBlockingJsonParser.java,parseEscapedName,1428,Jackson-core_13
src/main/java/com/fasterxml/jackson/core/json/async/NonBlockingJsonParser.java,parseEscapedName,1429,Jackson-core_13
src/main/java/com/fasterxml/jackson/core/json/async/NonBlockingJsonParser.java,parseEscapedName,1430,Jackson-core_13
src/main/java/com/fasterxml/jackson/core/json/async/NonBlockingJsonParser.java,parseEscapedName,1431,Jackson-core_13
src/main/java/com/fasterxml/jackson/core/json/async/NonBlockingJsonParser.java,parseEscapedName,1432,Jackson-core_13
src/main/java/com/fasterxml/jackson/core/json/async/NonBlockingJsonParser.java,parseEscapedName,1433,Jackson-core_13
src/main/java/com/fasterxml/jackson/core/json/async/NonBlockingJsonParser.java,parseEscapedName,1434,Jackson-core_13
src/main/java/com/fasterxml/jackson/core/json/async/NonBlockingJsonParser.java,parseEscapedName,1435,Jackson-core_13
src/main/java/com/fasterxml/jackson/core/json/async/NonBlockingJsonParser.java,parseEscapedName,1436,Jackson-core_13
src/main/java/com/fasterxml/jackson/core/json/async/NonBlockingJsonParser.java,parseEscapedName,1437,Jackson-core_13
src/main/java/com/fasterxml/jackson/core/json/async/NonBlockingJsonParser.java,parseEscapedName,1438,Jackson-core_13
src/main/java/com/fasterxml/jackson/core/json/async/NonBlockingJsonParser.java,parseEscapedName,1439,Jackson-core_13
src/main/java/com/fasterxml/jackson/core/json/async/NonBlockingJsonParser.java,parseEscapedName,1440,Jackson-core_13
src/main/java/com/fasterxml/jackson/core/json/async/NonBlockingJsonParser.java,parseEscapedName,1441,Jackson-core_13
src/main/java/com/fasterxml/jackson/core/json/async/NonBlockingJsonParser.java,parseEscapedName,1442,Jackson-core_13
src/main/java/com/fasterxml/jackson/core/json/async/NonBlockingJsonParser.java,parseEscapedName,1443,Jackson-core_13
src/main/java/com/fasterxml/jackson/core/json/async/NonBlockingJsonParser.java,parseEscapedName,1444,Jackson-core_13
src/main/java/com/fasterxml/jackson/core/json/async/NonBlockingJsonParser.java,parseEscapedName,1445,Jackson-core_13
src/main/java/com/fasterxml/jackson/core/json/async/NonBlockingJsonParser.java,parseEscapedName,1446,Jackson-core_13
src/main/java/com/fasterxml/jackson/core/json/async/NonBlockingJsonParser.java,parseEscapedName,1447,Jackson-core_13
src/main/java/com/fasterxml/jackson/core/json/async/NonBlockingJsonParser.java,parseEscapedName,1448,Jackson-core_13
src/main/java/com/fasterxml/jackson/core/json/async/NonBlockingJsonParser.java,parseEscapedName,1449,Jackson-core_13
src/main/java/com/fasterxml/jackson/core/json/async/NonBlockingJsonParser.java,parseEscapedName,1450,Jackson-core_13
src/main/java/com/fasterxml/jackson/core/json/async/NonBlockingJsonParser.java,parseEscapedName,1451,Jackson-core_13
src/main/java/com/fasterxml/jackson/core/json/async/NonBlockingJsonParser.java,parseEscapedName,1452,Jackson-core_13
src/main/java/com/fasterxml/jackson/core/json/async/NonBlockingJsonParser.java,parseEscapedName,1453,Jackson-core_13
src/main/java/com/fasterxml/jackson/core/json/async/NonBlockingJsonParser.java,parseEscapedName,1454,Jackson-core_13
src/main/java/com/fasterxml/jackson/core/json/async/NonBlockingJsonParser.java,parseEscapedName,1455,Jackson-core_13
src/main/java/com/fasterxml/jackson/core/json/async/NonBlockingJsonParser.java,parseEscapedName,1456,Jackson-core_13
src/main/java/com/fasterxml/jackson/core/json/async/NonBlockingJsonParser.java,parseEscapedName,1457,Jackson-core_13
src/main/java/com/fasterxml/jackson/core/json/async/NonBlockingJsonParser.java,parseEscapedName,1458,Jackson-core_13
src/main/java/com/fasterxml/jackson/core/json/async/NonBlockingJsonParser.java,parseEscapedName,1459,Jackson-core_13
src/main/java/com/fasterxml/jackson/core/json/async/NonBlockingJsonParser.java,parseEscapedName,1460,Jackson-core_13
src/main/java/com/fasterxml/jackson/core/json/async/NonBlockingJsonParser.java,parseEscapedName,1461,Jackson-core_13
src/main/java/com/fasterxml/jackson/core/json/async/NonBlockingJsonParser.java,parseEscapedName,1462,Jackson-core_13
src/main/java/com/fasterxml/jackson/core/json/async/NonBlockingJsonParser.java,parseEscapedName,1463,Jackson-core_13
src/main/java/com/fasterxml/jackson/core/json/async/NonBlockingJsonParser.java,parseEscapedName,1464,Jackson-core_13
src/main/java/com/fasterxml/jackson/core/json/async/NonBlockingJsonParser.java,parseEscapedName,1465,Jackson-core_13
src/main/java/com/fasterxml/jackson/core/json/async/NonBlockingJsonParser.java,parseEscapedName,1466,Jackson-core_13
src/main/java/com/fasterxml/jackson/core/json/async/NonBlockingJsonParser.java,parseEscapedName,1467,Jackson-core_13
src/main/java/com/fasterxml/jackson/core/json/async/NonBlockingJsonParser.java,parseEscapedName,1468,Jackson-core_13
src/main/java/com/fasterxml/jackson/core/json/async/NonBlockingJsonParser.java,parseEscapedName,1469,Jackson-core_13
src/main/java/com/fasterxml/jackson/core/json/async/NonBlockingJsonParser.java,parseEscapedName,1470,Jackson-core_13
src/main/java/com/fasterxml/jackson/core/json/async/NonBlockingJsonParser.java,parseEscapedName,1471,Jackson-core_13
src/main/java/com/fasterxml/jackson/core/json/async/NonBlockingJsonParser.java,parseEscapedName,1472,Jackson-core_13
src/main/java/com/fasterxml/jackson/core/json/async/NonBlockingJsonParser.java,parseEscapedName,1473,Jackson-core_13
src/main/java/com/fasterxml/jackson/core/json/async/NonBlockingJsonParser.java,parseEscapedName,1474,Jackson-core_13
src/main/java/com/fasterxml/jackson/core/json/async/NonBlockingJsonParser.java,parseEscapedName,1475,Jackson-core_13
src/main/java/com/fasterxml/jackson/core/json/async/NonBlockingJsonParser.java,parseEscapedName,1476,Jackson-core_13
src/main/java/com/fasterxml/jackson/core/json/async/NonBlockingJsonParser.java,_handleOddName,1484,Jackson-core_13
src/main/java/com/fasterxml/jackson/core/json/async/NonBlockingJsonParser.java,_handleOddName,1485,Jackson-core_13
src/main/java/com/fasterxml/jackson/core/json/async/NonBlockingJsonParser.java,_handleOddName,1486,Jackson-core_13
src/main/java/com/fasterxml/jackson/core/json/async/NonBlockingJsonParser.java,_handleOddName,1487,Jackson-core_13
src/main/java/com/fasterxml/jackson/core/json/async/NonBlockingJsonParser.java,_handleOddName,1488,Jackson-core_13
src/main/java/com/fasterxml/jackson/core/json/async/NonBlockingJsonParser.java,_handleOddName,1489,Jackson-core_13
src/main/java/com/fasterxml/jackson/core/json/async/NonBlockingJsonParser.java,_handleOddName,1490,Jackson-core_13
src/main/java/com/fasterxml/jackson/core/json/async/NonBlockingJsonParser.java,_handleOddName,1491,Jackson-core_13
src/main/java/com/fasterxml/jackson/core/json/async/NonBlockingJsonParser.java,_handleOddName,1492,Jackson-core_13
src/main/java/com/fasterxml/jackson/core/json/async/NonBlockingJsonParser.java,_handleOddName,1493,Jackson-core_13
src/main/java/com/fasterxml/jackson/core/json/async/NonBlockingJsonParser.java,_handleOddName,1494,Jackson-core_13
src/main/java/com/fasterxml/jackson/core/json/async/NonBlockingJsonParser.java,_handleOddName,1495,Jackson-core_13
src/main/java/com/fasterxml/jackson/core/json/async/NonBlockingJsonParser.java,_handleOddName,1496,Jackson-core_13
src/main/java/com/fasterxml/jackson/core/json/async/NonBlockingJsonParser.java,_handleOddName,1497,Jackson-core_13
src/main/java/com/fasterxml/jackson/core/json/async/NonBlockingJsonParser.java,_handleOddName,1498,Jackson-core_13
src/main/java/com/fasterxml/jackson/core/json/async/NonBlockingJsonParser.java,_handleOddName,1499,Jackson-core_13
src/main/java/com/fasterxml/jackson/core/json/async/NonBlockingJsonParser.java,_handleOddName,1500,Jackson-core_13
src/main/java/com/fasterxml/jackson/core/json/async/NonBlockingJsonParser.java,_handleOddName,1501,Jackson-core_13
src/main/java/com/fasterxml/jackson/core/json/async/NonBlockingJsonParser.java,_handleOddName,1502,Jackson-core_13
src/main/java/com/fasterxml/jackson/core/json/async/NonBlockingJsonParser.java,_handleOddName,1503,Jackson-core_13
src/main/java/com/fasterxml/jackson/core/json/async/NonBlockingJsonParser.java,_handleOddName,1504,Jackson-core_13
src/main/java/com/fasterxml/jackson/core/json/async/NonBlockingJsonParser.java,_handleOddName,1505,Jackson-core_13
src/main/java/com/fasterxml/jackson/core/json/async/NonBlockingJsonParser.java,_handleOddName,1506,Jackson-core_13
src/main/java/com/fasterxml/jackson/core/json/async/NonBlockingJsonParser.java,_handleOddName,1507,Jackson-core_13
src/main/java/com/fasterxml/jackson/core/json/async/NonBlockingJsonParser.java,_handleOddName,1508,Jackson-core_13
src/main/java/com/fasterxml/jackson/core/json/async/NonBlockingJsonParser.java,_handleOddName,1509,Jackson-core_13
src/main/java/com/fasterxml/jackson/core/json/async/NonBlockingJsonParser.java,_handleOddName,1510,Jackson-core_13
src/main/java/com/fasterxml/jackson/core/json/async/NonBlockingJsonParser.java,_handleOddName,1511,Jackson-core_13
src/main/java/com/fasterxml/jackson/core/json/async/NonBlockingJsonParser.java,_handleOddName,1512,Jackson-core_13
src/main/java/com/fasterxml/jackson/core/json/async/NonBlockingJsonParser.java,_handleOddName,1513,Jackson-core_13
src/main/java/com/fasterxml/jackson/core/json/async/NonBlockingJsonParser.java,_handleOddName,1514,Jackson-core_13
src/main/java/com/fasterxml/jackson/core/json/async/NonBlockingJsonParser.java,_handleOddName,1515,Jackson-core_13
src/main/java/com/fasterxml/jackson/core/json/async/NonBlockingJsonParser.java,_handleOddName,1516,Jackson-core_13
src/main/java/com/fasterxml/jackson/core/json/async/NonBlockingJsonParser.java,_handleOddName,1517,Jackson-core_13
src/main/java/com/fasterxml/jackson/core/json/async/NonBlockingJsonParser.java,_handleOddName,1518,Jackson-core_13
src/main/java/com/fasterxml/jackson/core/json/async/NonBlockingJsonParser.java,_handleOddName,1519,Jackson-core_13
src/main/java/com/fasterxml/jackson/core/json/async/NonBlockingJsonParser.java,_handleOddName,1520,Jackson-core_13
src/main/java/com/fasterxml/jackson/core/json/async/NonBlockingJsonParser.java,_handleOddName,1521,Jackson-core_13
src/main/java/com/fasterxml/jackson/core/json/async/NonBlockingJsonParser.java,_handleOddName,1522,Jackson-core_13
src/main/java/com/fasterxml/jackson/core/json/async/NonBlockingJsonParser.java,_handleOddName,1523,Jackson-core_13
src/main/java/com/fasterxml/jackson/core/json/async/NonBlockingJsonParser.java,_handleOddName,1524,Jackson-core_13
src/main/java/com/fasterxml/jackson/core/json/async/NonBlockingJsonParser.java,_handleOddName,1525,Jackson-core_13
src/main/java/com/fasterxml/jackson/core/json/async/NonBlockingJsonParser.java,_handleOddName,1526,Jackson-core_13
src/main/java/com/fasterxml/jackson/core/json/async/NonBlockingJsonParser.java,_handleOddName,1527,Jackson-core_13
src/main/java/com/fasterxml/jackson/core/json/async/NonBlockingJsonParser.java,_handleOddName,1528,Jackson-core_13
src/main/java/com/fasterxml/jackson/core/json/async/NonBlockingJsonParser.java,_handleOddName,1529,Jackson-core_13
src/main/java/com/fasterxml/jackson/core/json/async/NonBlockingJsonParser.java,_handleOddName,1530,Jackson-core_13
src/main/java/com/fasterxml/jackson/core/json/async/NonBlockingJsonParser.java,_handleOddName,1531,Jackson-core_13
src/main/java/com/fasterxml/jackson/core/json/async/NonBlockingJsonParser.java,_handleOddName,1532,Jackson-core_13
src/main/java/com/fasterxml/jackson/core/json/async/NonBlockingJsonParser.java,_handleOddName,1533,Jackson-core_13
src/main/java/com/fasterxml/jackson/core/json/async/NonBlockingJsonParser.java,_handleOddName,1534,Jackson-core_13
src/main/java/com/fasterxml/jackson/core/json/async/NonBlockingJsonParser.java,_handleOddName,1535,Jackson-core_13
src/main/java/com/fasterxml/jackson/core/json/async/NonBlockingJsonParser.java,_handleOddName,1536,Jackson-core_13
src/main/java/com/fasterxml/jackson/core/json/async/NonBlockingJsonParser.java,_handleOddName,1537,Jackson-core_13
src/main/java/com/fasterxml/jackson/core/json/async/NonBlockingJsonParser.java,_handleOddName,1538,Jackson-core_13
src/main/java/com/fasterxml/jackson/core/json/async/NonBlockingJsonParser.java,_handleOddName,1539,Jackson-core_13
src/main/java/com/fasterxml/jackson/core/json/async/NonBlockingJsonParser.java,_handleOddName,1540,Jackson-core_13
src/main/java/com/fasterxml/jackson/core/json/async/NonBlockingJsonParser.java,_handleOddName,1541,Jackson-core_13
src/main/java/com/fasterxml/jackson/core/json/async/NonBlockingJsonParser.java,_handleOddName,1542,Jackson-core_13
src/main/java/com/fasterxml/jackson/core/json/async/NonBlockingJsonParser.java,_handleOddName,1543,Jackson-core_13
src/main/java/com/fasterxml/jackson/core/json/async/NonBlockingJsonParser.java,_handleOddName,1544,Jackson-core_13
src/main/java/com/fasterxml/jackson/core/json/async/NonBlockingJsonParser.java,_handleOddName,1545,Jackson-core_13
src/main/java/com/fasterxml/jackson/core/json/async/NonBlockingJsonParser.java,_handleOddName,1546,Jackson-core_13
src/main/java/com/fasterxml/jackson/core/json/async/NonBlockingJsonParser.java,_handleOddName,1547,Jackson-core_13
src/main/java/com/fasterxml/jackson/core/json/async/NonBlockingJsonParser.java,_handleOddName,1548,Jackson-core_13
src/main/java/com/fasterxml/jackson/core/json/async/NonBlockingJsonParser.java,_handleOddName,1549,Jackson-core_13
src/main/java/com/fasterxml/jackson/core/json/async/NonBlockingJsonParser.java,_handleOddName,1550,Jackson-core_13
src/main/java/com/fasterxml/jackson/core/json/async/NonBlockingJsonParser.java,_handleOddName,1551,Jackson-core_13
src/main/java/com/fasterxml/jackson/core/json/async/NonBlockingJsonParser.java,_handleOddName,1552,Jackson-core_13
src/main/java/com/fasterxml/jackson/core/json/async/NonBlockingJsonParser.java,_parseAposName,1559,Jackson-core_13
src/main/java/com/fasterxml/jackson/core/json/async/NonBlockingJsonParser.java,_parseAposName,1560,Jackson-core_13
src/main/java/com/fasterxml/jackson/core/json/async/NonBlockingJsonParser.java,_parseAposName,1561,Jackson-core_13
src/main/java/com/fasterxml/jackson/core/json/async/NonBlockingJsonParser.java,_parseAposName,1562,Jackson-core_13
src/main/java/com/fasterxml/jackson/core/json/async/NonBlockingJsonParser.java,_parseAposName,1563,Jackson-core_13
src/main/java/com/fasterxml/jackson/core/json/async/NonBlockingJsonParser.java,_parseAposName,1564,Jackson-core_13
src/main/java/com/fasterxml/jackson/core/json/async/NonBlockingJsonParser.java,_parseAposName,1565,Jackson-core_13
src/main/java/com/fasterxml/jackson/core/json/async/NonBlockingJsonParser.java,_parseAposName,1566,Jackson-core_13
src/main/java/com/fasterxml/jackson/core/json/async/NonBlockingJsonParser.java,_parseAposName,1567,Jackson-core_13
src/main/java/com/fasterxml/jackson/core/json/async/NonBlockingJsonParser.java,_parseAposName,1568,Jackson-core_13
src/main/java/com/fasterxml/jackson/core/json/async/NonBlockingJsonParser.java,_parseAposName,1569,Jackson-core_13
src/main/java/com/fasterxml/jackson/core/json/async/NonBlockingJsonParser.java,_parseAposName,1570,Jackson-core_13
src/main/java/com/fasterxml/jackson/core/json/async/NonBlockingJsonParser.java,_parseAposName,1571,Jackson-core_13
src/main/java/com/fasterxml/jackson/core/json/async/NonBlockingJsonParser.java,_parseAposName,1572,Jackson-core_13
src/main/java/com/fasterxml/jackson/core/json/async/NonBlockingJsonParser.java,_parseAposName,1573,Jackson-core_13
src/main/java/com/fasterxml/jackson/core/json/async/NonBlockingJsonParser.java,_parseAposName,1574,Jackson-core_13
src/main/java/com/fasterxml/jackson/core/json/async/NonBlockingJsonParser.java,_parseAposName,1575,Jackson-core_13
src/main/java/com/fasterxml/jackson/core/json/async/NonBlockingJsonParser.java,_parseAposName,1576,Jackson-core_13
src/main/java/com/fasterxml/jackson/core/json/async/NonBlockingJsonParser.java,_parseAposName,1577,Jackson-core_13
src/main/java/com/fasterxml/jackson/core/json/async/NonBlockingJsonParser.java,_parseAposName,1578,Jackson-core_13
src/main/java/com/fasterxml/jackson/core/json/async/NonBlockingJsonParser.java,_parseAposName,1579,Jackson-core_13
src/main/java/com/fasterxml/jackson/core/json/async/NonBlockingJsonParser.java,_parseAposName,1580,Jackson-core_13
src/main/java/com/fasterxml/jackson/core/json/async/NonBlockingJsonParser.java,_parseAposName,1581,Jackson-core_13
src/main/java/com/fasterxml/jackson/core/json/async/NonBlockingJsonParser.java,_parseAposName,1582,Jackson-core_13
src/main/java/com/fasterxml/jackson/core/json/async/NonBlockingJsonParser.java,_parseAposName,1583,Jackson-core_13
src/main/java/com/fasterxml/jackson/core/json/async/NonBlockingJsonParser.java,_parseAposName,1584,Jackson-core_13
src/main/java/com/fasterxml/jackson/core/json/async/NonBlockingJsonParser.java,_parseAposName,1585,Jackson-core_13
src/main/java/com/fasterxml/jackson/core/json/async/NonBlockingJsonParser.java,_parseAposName,1586,Jackson-core_13
src/main/java/com/fasterxml/jackson/core/json/async/NonBlockingJsonParser.java,_parseAposName,1587,Jackson-core_13
src/main/java/com/fasterxml/jackson/core/json/async/NonBlockingJsonParser.java,_parseAposName,1588,Jackson-core_13
src/main/java/com/fasterxml/jackson/core/json/async/NonBlockingJsonParser.java,_parseAposName,1589,Jackson-core_13
src/main/java/com/fasterxml/jackson/core/json/async/NonBlockingJsonParser.java,_parseAposName,1590,Jackson-core_13
src/main/java/com/fasterxml/jackson/core/json/async/NonBlockingJsonParser.java,_parseAposName,1591,Jackson-core_13
src/main/java/com/fasterxml/jackson/core/json/async/NonBlockingJsonParser.java,_parseAposName,1592,Jackson-core_13
src/main/java/com/fasterxml/jackson/core/json/async/NonBlockingJsonParser.java,_parseAposName,1593,Jackson-core_13
src/main/java/com/fasterxml/jackson/core/json/async/NonBlockingJsonParser.java,_parseAposName,1594,Jackson-core_13
src/main/java/com/fasterxml/jackson/core/json/async/NonBlockingJsonParser.java,_parseAposName,1595,Jackson-core_13
src/main/java/com/fasterxml/jackson/core/json/async/NonBlockingJsonParser.java,_parseAposName,1596,Jackson-core_13
src/main/java/com/fasterxml/jackson/core/json/async/NonBlockingJsonParser.java,_parseAposName,1597,Jackson-core_13
src/main/java/com/fasterxml/jackson/core/json/async/NonBlockingJsonParser.java,_parseAposName,1598,Jackson-core_13
src/main/java/com/fasterxml/jackson/core/json/async/NonBlockingJsonParser.java,_parseAposName,1599,Jackson-core_13
src/main/java/com/fasterxml/jackson/core/json/async/NonBlockingJsonParser.java,_parseAposName,1600,Jackson-core_13
src/main/java/com/fasterxml/jackson/core/json/async/NonBlockingJsonParser.java,_parseAposName,1601,Jackson-core_13
src/main/java/com/fasterxml/jackson/core/json/async/NonBlockingJsonParser.java,_parseAposName,1602,Jackson-core_13
src/main/java/com/fasterxml/jackson/core/json/async/NonBlockingJsonParser.java,_parseAposName,1603,Jackson-core_13
src/main/java/com/fasterxml/jackson/core/json/async/NonBlockingJsonParser.java,_parseAposName,1604,Jackson-core_13
src/main/java/com/fasterxml/jackson/core/json/async/NonBlockingJsonParser.java,_parseAposName,1605,Jackson-core_13
src/main/java/com/fasterxml/jackson/core/json/async/NonBlockingJsonParser.java,_parseAposName,1606,Jackson-core_13
src/main/java/com/fasterxml/jackson/core/json/async/NonBlockingJsonParser.java,_parseAposName,1607,Jackson-core_13
src/main/java/com/fasterxml/jackson/core/json/async/NonBlockingJsonParser.java,_parseAposName,1608,Jackson-core_13
src/main/java/com/fasterxml/jackson/core/json/async/NonBlockingJsonParser.java,_parseAposName,1609,Jackson-core_13
src/main/java/com/fasterxml/jackson/core/json/async/NonBlockingJsonParser.java,_parseAposName,1610,Jackson-core_13
src/main/java/com/fasterxml/jackson/core/json/async/NonBlockingJsonParser.java,_parseAposName,1611,Jackson-core_13
src/main/java/com/fasterxml/jackson/core/json/async/NonBlockingJsonParser.java,_parseAposName,1612,Jackson-core_13
src/main/java/com/fasterxml/jackson/core/json/async/NonBlockingJsonParser.java,_parseAposName,1613,Jackson-core_13
src/main/java/com/fasterxml/jackson/core/json/async/NonBlockingJsonParser.java,_parseAposName,1614,Jackson-core_13
src/main/java/com/fasterxml/jackson/core/json/async/NonBlockingJsonParser.java,_parseAposName,1615,Jackson-core_13
src/main/java/com/fasterxml/jackson/core/json/async/NonBlockingJsonParser.java,_parseAposName,1616,Jackson-core_13
src/main/java/com/fasterxml/jackson/core/json/async/NonBlockingJsonParser.java,_parseAposName,1617,Jackson-core_13
src/main/java/com/fasterxml/jackson/core/json/async/NonBlockingJsonParser.java,_parseAposName,1618,Jackson-core_13
src/main/java/com/fasterxml/jackson/core/json/async/NonBlockingJsonParser.java,_parseAposName,1619,Jackson-core_13
src/main/java/com/fasterxml/jackson/core/json/async/NonBlockingJsonParser.java,_parseAposName,1620,Jackson-core_13
src/main/java/com/fasterxml/jackson/core/json/async/NonBlockingJsonParser.java,_parseAposName,1621,Jackson-core_13
src/main/java/com/fasterxml/jackson/core/json/async/NonBlockingJsonParser.java,_parseAposName,1622,Jackson-core_13
src/main/java/com/fasterxml/jackson/core/json/async/NonBlockingJsonParser.java,_parseAposName,1623,Jackson-core_13
src/main/java/com/fasterxml/jackson/core/json/async/NonBlockingJsonParser.java,_parseAposName,1624,Jackson-core_13
src/main/java/com/fasterxml/jackson/core/json/async/NonBlockingJsonParser.java,_parseAposName,1625,Jackson-core_13
src/main/java/com/fasterxml/jackson/core/json/async/NonBlockingJsonParser.java,_parseAposName,1626,Jackson-core_13
src/main/java/com/fasterxml/jackson/core/json/async/NonBlockingJsonParser.java,_parseAposName,1627,Jackson-core_13
src/main/java/com/fasterxml/jackson/core/json/async/NonBlockingJsonParser.java,_parseAposName,1628,Jackson-core_13
src/main/java/com/fasterxml/jackson/core/json/async/NonBlockingJsonParser.java,_parseAposName,1629,Jackson-core_13
src/main/java/com/fasterxml/jackson/core/json/async/NonBlockingJsonParser.java,_parseAposName,1630,Jackson-core_13
src/main/java/com/fasterxml/jackson/core/json/async/NonBlockingJsonParser.java,_parseAposName,1631,Jackson-core_13
src/main/java/com/fasterxml/jackson/core/json/async/NonBlockingJsonParser.java,_parseAposName,1632,Jackson-core_13
src/main/java/com/fasterxml/jackson/core/json/async/NonBlockingJsonParser.java,_parseAposName,1633,Jackson-core_13
src/main/java/com/fasterxml/jackson/core/json/async/NonBlockingJsonParser.java,_parseAposName,1634,Jackson-core_13
src/main/java/com/fasterxml/jackson/core/json/async/NonBlockingJsonParser.java,_parseAposName,1635,Jackson-core_13
src/main/java/com/fasterxml/jackson/core/json/async/NonBlockingJsonParser.java,_parseAposName,1636,Jackson-core_13
src/main/java/com/fasterxml/jackson/core/json/async/NonBlockingJsonParser.java,_parseAposName,1637,Jackson-core_13
src/main/java/com/fasterxml/jackson/core/json/async/NonBlockingJsonParser.java,_parseAposName,1638,Jackson-core_13
src/main/java/com/fasterxml/jackson/core/json/async/NonBlockingJsonParser.java,_parseAposName,1639,Jackson-core_13
src/main/java/com/fasterxml/jackson/core/json/async/NonBlockingJsonParser.java,_parseAposName,1640,Jackson-core_13
src/main/java/com/fasterxml/jackson/core/json/async/NonBlockingJsonParser.java,_parseAposName,1641,Jackson-core_13
src/main/java/com/fasterxml/jackson/core/json/async/NonBlockingJsonParser.java,_parseAposName,1642,Jackson-core_13
src/main/java/com/fasterxml/jackson/core/json/async/NonBlockingJsonParser.java,_parseAposName,1643,Jackson-core_13
src/main/java/com/fasterxml/jackson/core/json/async/NonBlockingJsonParser.java,_parseAposName,1644,Jackson-core_13
src/main/java/com/fasterxml/jackson/core/json/async/NonBlockingJsonParser.java,_parseAposName,1645,Jackson-core_13
src/main/java/com/fasterxml/jackson/core/json/async/NonBlockingJsonParser.java,_parseAposName,1646,Jackson-core_13
src/main/java/com/fasterxml/jackson/core/json/async/NonBlockingJsonParser.java,_parseAposName,1647,Jackson-core_13
src/main/java/com/fasterxml/jackson/core/json/async/NonBlockingJsonParser.java,_parseAposName,1648,Jackson-core_13
src/main/java/com/fasterxml/jackson/core/json/async/NonBlockingJsonParser.java,_parseAposName,1649,Jackson-core_13
src/main/java/com/fasterxml/jackson/core/json/async/NonBlockingJsonParser.java,_parseAposName,1650,Jackson-core_13
src/main/java/com/fasterxml/jackson/core/json/async/NonBlockingJsonParser.java,_parseAposName,1651,Jackson-core_13
src/main/java/com/fasterxml/jackson/core/json/async/NonBlockingJsonParser.java,_parseAposName,1652,Jackson-core_13
src/main/java/com/fasterxml/jackson/core/json/async/NonBlockingJsonParser.java,_parseAposName,1653,Jackson-core_13
src/main/java/com/fasterxml/jackson/core/json/async/NonBlockingJsonParser.java,_parseAposName,1654,Jackson-core_13
src/main/java/com/fasterxml/jackson/core/json/async/NonBlockingJsonParser.java,_parseAposName,1655,Jackson-core_13
src/main/java/com/fasterxml/jackson/core/json/async/NonBlockingJsonParser.java,_loadMore,1673,Jackson-core_13
src/main/java/com/fasterxml/jackson/core/json/async/NonBlockingJsonParser.java,_loadMore,1674,Jackson-core_13
src/main/java/com/fasterxml/jackson/core/json/async/NonBlockingJsonParser.java,_loadMore,1675,Jackson-core_13
src/main/java/com/fasterxml/jackson/core/json/async/NonBlockingJsonParser.java,_loadMore,1676,Jackson-core_13
src/main/java/com/fasterxml/jackson/core/json/async/NonBlockingJsonParser.java,,6,Jackson-core_13
src/main/java/com/fasterxml/jackson/core/json/async/NonBlockingJsonParser.java,,9,Jackson-core_13
src/main/java/com/fasterxml/jackson/core/json/async/NonBlockingJsonParser.java,,19,Jackson-core_13
src/main/java/com/fasterxml/jackson/core/json/async/NonBlockingJsonParser.java,,20,Jackson-core_13
src/main/java/com/fasterxml/jackson/core/json/async/NonBlockingJsonParser.java,,21,Jackson-core_13
src/main/java/com/fasterxml/jackson/core/json/async/NonBlockingJsonParser.java,,22,Jackson-core_13
src/main/java/com/fasterxml/jackson/core/json/async/NonBlockingJsonParser.java,,23,Jackson-core_13
src/main/java/com/fasterxml/jackson/core/json/async/NonBlockingJsonParser.java,,24,Jackson-core_13
src/main/java/com/fasterxml/jackson/core/json/async/NonBlockingJsonParser.java,,25,Jackson-core_13
src/main/java/com/fasterxml/jackson/core/json/async/NonBlockingJsonParser.java,,1139,Jackson-core_13
src/main/java/com/fasterxml/jackson/core/json/async/NonBlockingJsonParser.java,,1201,Jackson-core_13
src/main/java/com/fasterxml/jackson/core/json/async/NonBlockingJsonParser.java,,1241,Jackson-core_13
src/main/java/com/fasterxml/jackson/core/json/async/NonBlockingJsonParser.java,,1242,Jackson-core_13
src/main/java/com/fasterxml/jackson/core/json/async/NonBlockingJsonParser.java,,1243,Jackson-core_13
src/main/java/com/fasterxml/jackson/core/json/async/NonBlockingJsonParser.java,,1244,Jackson-core_13
src/main/java/com/fasterxml/jackson/core/json/async/NonBlockingJsonParser.java,,1284,Jackson-core_13
src/main/java/com/fasterxml/jackson/core/json/async/NonBlockingJsonParser.java,,1346,Jackson-core_13
src/main/java/com/fasterxml/jackson/core/json/async/NonBlockingJsonParser.java,,1347,Jackson-core_13
src/main/java/com/fasterxml/jackson/core/json/async/NonBlockingJsonParser.java,,1348,Jackson-core_13
src/main/java/com/fasterxml/jackson/core/json/async/NonBlockingJsonParser.java,,1349,Jackson-core_13
src/main/java/com/fasterxml/jackson/core/json/async/NonBlockingJsonParser.java,,1350,Jackson-core_13
src/main/java/com/fasterxml/jackson/core/json/async/NonBlockingJsonParser.java,,1351,Jackson-core_13
src/main/java/com/fasterxml/jackson/core/json/async/NonBlockingJsonParser.java,,1365,Jackson-core_13
src/main/java/com/fasterxml/jackson/core/json/async/NonBlockingJsonParser.java,,1369,Jackson-core_13
src/main/java/com/fasterxml/jackson/core/json/async/NonBlockingJsonParser.java,,1374,Jackson-core_13
src/main/java/com/fasterxml/jackson/core/json/async/NonBlockingJsonParser.java,,1380,Jackson-core_13
src/main/java/com/fasterxml/jackson/core/json/async/NonBlockingJsonParser.java,,1381,Jackson-core_13
src/main/java/com/fasterxml/jackson/core/json/async/NonBlockingJsonParser.java,,1382,Jackson-core_13
src/main/java/com/fasterxml/jackson/core/json/async/NonBlockingJsonParser.java,,1383,Jackson-core_13
src/main/java/com/fasterxml/jackson/core/json/async/NonBlockingJsonParser.java,,1384,Jackson-core_13
src/main/java/com/fasterxml/jackson/core/json/async/NonBlockingJsonParser.java,,1385,Jackson-core_13
src/main/java/com/fasterxml/jackson/core/json/async/NonBlockingJsonParser.java,,1386,Jackson-core_13
src/main/java/com/fasterxml/jackson/core/json/async/NonBlockingJsonParser.java,,1387,Jackson-core_13
src/main/java/com/fasterxml/jackson/core/json/async/NonBlockingJsonParser.java,,1477,Jackson-core_13
src/main/java/com/fasterxml/jackson/core/json/async/NonBlockingJsonParser.java,,1478,Jackson-core_13
src/main/java/com/fasterxml/jackson/core/json/async/NonBlockingJsonParser.java,,1479,Jackson-core_13
src/main/java/com/fasterxml/jackson/core/json/async/NonBlockingJsonParser.java,,1480,Jackson-core_13
src/main/java/com/fasterxml/jackson/core/json/async/NonBlockingJsonParser.java,,1481,Jackson-core_13
src/main/java/com/fasterxml/jackson/core/json/async/NonBlockingJsonParser.java,,1482,Jackson-core_13
src/main/java/com/fasterxml/jackson/core/json/async/NonBlockingJsonParser.java,,1483,Jackson-core_13
src/main/java/com/fasterxml/jackson/core/json/async/NonBlockingJsonParser.java,,1553,Jackson-core_13
src/main/java/com/fasterxml/jackson/core/json/async/NonBlockingJsonParser.java,,1554,Jackson-core_13
src/main/java/com/fasterxml/jackson/core/json/async/NonBlockingJsonParser.java,,1555,Jackson-core_13
src/main/java/com/fasterxml/jackson/core/json/async/NonBlockingJsonParser.java,,1556,Jackson-core_13
src/main/java/com/fasterxml/jackson/core/json/async/NonBlockingJsonParser.java,,1557,Jackson-core_13
src/main/java/com/fasterxml/jackson/core/json/async/NonBlockingJsonParser.java,,1558,Jackson-core_13
src/main/java/com/fasterxml/jackson/core/json/async/NonBlockingJsonParser.java,,1669,Jackson-core_13
src/main/java/com/fasterxml/jackson/core/json/async/NonBlockingJsonParser.java,,1670,Jackson-core_13
src/main/java/com/fasterxml/jackson/core/json/async/NonBlockingJsonParser.java,,1671,Jackson-core_13
src/main/java/com/fasterxml/jackson/core/json/async/NonBlockingJsonParser.java,,1672,Jackson-core_13
src/main/java/com/fasterxml/jackson/core/json/async/NonBlockingJsonParserBase.java,_findName,466,Jackson-core_13
src/main/java/com/fasterxml/jackson/core/json/async/NonBlockingJsonParserBase.java,_findName,467,Jackson-core_13
src/main/java/com/fasterxml/jackson/core/json/async/NonBlockingJsonParserBase.java,_findName,468,Jackson-core_13
src/main/java/com/fasterxml/jackson/core/json/async/NonBlockingJsonParserBase.java,_findName,469,Jackson-core_13
src/main/java/com/fasterxml/jackson/core/json/async/NonBlockingJsonParserBase.java,_findName,470,Jackson-core_13
src/main/java/com/fasterxml/jackson/core/json/async/NonBlockingJsonParserBase.java,_findName,471,Jackson-core_13
src/main/java/com/fasterxml/jackson/core/json/async/NonBlockingJsonParserBase.java,_findName,472,Jackson-core_13
src/main/java/com/fasterxml/jackson/core/json/async/NonBlockingJsonParserBase.java,_findName,473,Jackson-core_13
src/main/java/com/fasterxml/jackson/core/json/async/NonBlockingJsonParserBase.java,_findName,474,Jackson-core_13
src/main/java/com/fasterxml/jackson/core/json/async/NonBlockingJsonParserBase.java,_findName,475,Jackson-core_13
src/main/java/com/fasterxml/jackson/core/json/async/NonBlockingJsonParserBase.java,_findName,476,Jackson-core_13
src/main/java/com/fasterxml/jackson/core/json/async/NonBlockingJsonParserBase.java,_findName,477,Jackson-core_13
src/main/java/com/fasterxml/jackson/core/json/async/NonBlockingJsonParserBase.java,_findName,479,Jackson-core_13
src/main/java/com/fasterxml/jackson/core/json/async/NonBlockingJsonParserBase.java,_findName,480,Jackson-core_13
src/main/java/com/fasterxml/jackson/core/json/async/NonBlockingJsonParserBase.java,_findName,481,Jackson-core_13
src/main/java/com/fasterxml/jackson/core/json/async/NonBlockingJsonParserBase.java,_findName,482,Jackson-core_13
src/main/java/com/fasterxml/jackson/core/json/async/NonBlockingJsonParserBase.java,_findName,483,Jackson-core_13
src/main/java/com/fasterxml/jackson/core/json/async/NonBlockingJsonParserBase.java,_findName,484,Jackson-core_13
src/main/java/com/fasterxml/jackson/core/json/async/NonBlockingJsonParserBase.java,_findName,485,Jackson-core_13
src/main/java/com/fasterxml/jackson/core/json/async/NonBlockingJsonParserBase.java,_findName,486,Jackson-core_13
src/main/java/com/fasterxml/jackson/core/json/async/NonBlockingJsonParserBase.java,_findName,487,Jackson-core_13
src/main/java/com/fasterxml/jackson/core/json/async/NonBlockingJsonParserBase.java,_findName,488,Jackson-core_13
src/main/java/com/fasterxml/jackson/core/json/async/NonBlockingJsonParserBase.java,_findName,489,Jackson-core_13
src/main/java/com/fasterxml/jackson/core/json/async/NonBlockingJsonParserBase.java,_findName,490,Jackson-core_13
src/main/java/com/fasterxml/jackson/core/json/async/NonBlockingJsonParserBase.java,_findName,491,Jackson-core_13
src/main/java/com/fasterxml/jackson/core/json/async/NonBlockingJsonParserBase.java,_findName,493,Jackson-core_13
src/main/java/com/fasterxml/jackson/core/json/async/NonBlockingJsonParserBase.java,_findName,494,Jackson-core_13
src/main/java/com/fasterxml/jackson/core/json/async/NonBlockingJsonParserBase.java,_findName,495,Jackson-core_13
src/main/java/com/fasterxml/jackson/core/json/async/NonBlockingJsonParserBase.java,_findName,496,Jackson-core_13
src/main/java/com/fasterxml/jackson/core/json/async/NonBlockingJsonParserBase.java,_findName,497,Jackson-core_13
src/main/java/com/fasterxml/jackson/core/json/async/NonBlockingJsonParserBase.java,_findName,498,Jackson-core_13
src/main/java/com/fasterxml/jackson/core/json/async/NonBlockingJsonParserBase.java,_findName,499,Jackson-core_13
src/main/java/com/fasterxml/jackson/core/json/async/NonBlockingJsonParserBase.java,_findName,500,Jackson-core_13
src/main/java/com/fasterxml/jackson/core/json/async/NonBlockingJsonParserBase.java,_findName,501,Jackson-core_13
src/main/java/com/fasterxml/jackson/core/json/async/NonBlockingJsonParserBase.java,_findName,502,Jackson-core_13
src/main/java/com/fasterxml/jackson/core/json/async/NonBlockingJsonParserBase.java,_findName,503,Jackson-core_13
src/main/java/com/fasterxml/jackson/core/json/async/NonBlockingJsonParserBase.java,_findName,504,Jackson-core_13
src/main/java/com/fasterxml/jackson/core/json/async/NonBlockingJsonParserBase.java,_findName,505,Jackson-core_13
src/main/java/com/fasterxml/jackson/core/json/async/NonBlockingJsonParserBase.java,_findName,507,Jackson-core_13
src/main/java/com/fasterxml/jackson/core/json/async/NonBlockingJsonParserBase.java,_findName,508,Jackson-core_13
src/main/java/com/fasterxml/jackson/core/json/async/NonBlockingJsonParserBase.java,_findName,509,Jackson-core_13
src/main/java/com/fasterxml/jackson/core/json/async/NonBlockingJsonParserBase.java,_findName,510,Jackson-core_13
src/main/java/com/fasterxml/jackson/core/json/async/NonBlockingJsonParserBase.java,_findName,511,Jackson-core_13
src/main/java/com/fasterxml/jackson/core/json/async/NonBlockingJsonParserBase.java,_findName,512,Jackson-core_13
src/main/java/com/fasterxml/jackson/core/json/async/NonBlockingJsonParserBase.java,_findName,513,Jackson-core_13
src/main/java/com/fasterxml/jackson/core/json/async/NonBlockingJsonParserBase.java,_findName,514,Jackson-core_13
src/main/java/com/fasterxml/jackson/core/json/async/NonBlockingJsonParserBase.java,_findName,515,Jackson-core_13
src/main/java/com/fasterxml/jackson/core/json/async/NonBlockingJsonParserBase.java,_findName,516,Jackson-core_13
src/main/java/com/fasterxml/jackson/core/json/async/NonBlockingJsonParserBase.java,_findName,517,Jackson-core_13
src/main/java/com/fasterxml/jackson/core/json/async/NonBlockingJsonParserBase.java,_findName,518,Jackson-core_13
src/main/java/com/fasterxml/jackson/core/json/async/NonBlockingJsonParserBase.java,_addName,526,Jackson-core_13
src/main/java/com/fasterxml/jackson/core/json/async/NonBlockingJsonParserBase.java,_addName,527,Jackson-core_13
src/main/java/com/fasterxml/jackson/core/json/async/NonBlockingJsonParserBase.java,_addName,528,Jackson-core_13
src/main/java/com/fasterxml/jackson/core/json/async/NonBlockingJsonParserBase.java,_addName,529,Jackson-core_13
src/main/java/com/fasterxml/jackson/core/json/async/NonBlockingJsonParserBase.java,_addName,530,Jackson-core_13
src/main/java/com/fasterxml/jackson/core/json/async/NonBlockingJsonParserBase.java,_addName,531,Jackson-core_13
src/main/java/com/fasterxml/jackson/core/json/async/NonBlockingJsonParserBase.java,_addName,532,Jackson-core_13
src/main/java/com/fasterxml/jackson/core/json/async/NonBlockingJsonParserBase.java,_addName,533,Jackson-core_13
src/main/java/com/fasterxml/jackson/core/json/async/NonBlockingJsonParserBase.java,_addName,534,Jackson-core_13
src/main/java/com/fasterxml/jackson/core/json/async/NonBlockingJsonParserBase.java,_addName,535,Jackson-core_13
src/main/java/com/fasterxml/jackson/core/json/async/NonBlockingJsonParserBase.java,_addName,536,Jackson-core_13
src/main/java/com/fasterxml/jackson/core/json/async/NonBlockingJsonParserBase.java,_addName,537,Jackson-core_13
src/main/java/com/fasterxml/jackson/core/json/async/NonBlockingJsonParserBase.java,_addName,538,Jackson-core_13
src/main/java/com/fasterxml/jackson/core/json/async/NonBlockingJsonParserBase.java,_addName,539,Jackson-core_13
src/main/java/com/fasterxml/jackson/core/json/async/NonBlockingJsonParserBase.java,_addName,540,Jackson-core_13
src/main/java/com/fasterxml/jackson/core/json/async/NonBlockingJsonParserBase.java,_addName,541,Jackson-core_13
src/main/java/com/fasterxml/jackson/core/json/async/NonBlockingJsonParserBase.java,_addName,542,Jackson-core_13
src/main/java/com/fasterxml/jackson/core/json/async/NonBlockingJsonParserBase.java,_addName,543,Jackson-core_13
src/main/java/com/fasterxml/jackson/core/json/async/NonBlockingJsonParserBase.java,_addName,544,Jackson-core_13
src/main/java/com/fasterxml/jackson/core/json/async/NonBlockingJsonParserBase.java,_addName,545,Jackson-core_13
src/main/java/com/fasterxml/jackson/core/json/async/NonBlockingJsonParserBase.java,_addName,546,Jackson-core_13
src/main/java/com/fasterxml/jackson/core/json/async/NonBlockingJsonParserBase.java,_addName,547,Jackson-core_13
src/main/java/com/fasterxml/jackson/core/json/async/NonBlockingJsonParserBase.java,_addName,548,Jackson-core_13
src/main/java/com/fasterxml/jackson/core/json/async/NonBlockingJsonParserBase.java,_addName,549,Jackson-core_13
src/main/java/com/fasterxml/jackson/core/json/async/NonBlockingJsonParserBase.java,_addName,550,Jackson-core_13
src/main/java/com/fasterxml/jackson/core/json/async/NonBlockingJsonParserBase.java,_addName,551,Jackson-core_13
src/main/java/com/fasterxml/jackson/core/json/async/NonBlockingJsonParserBase.java,_addName,552,Jackson-core_13
src/main/java/com/fasterxml/jackson/core/json/async/NonBlockingJsonParserBase.java,_addName,553,Jackson-core_13
src/main/java/com/fasterxml/jackson/core/json/async/NonBlockingJsonParserBase.java,_addName,554,Jackson-core_13
src/main/java/com/fasterxml/jackson/core/json/async/NonBlockingJsonParserBase.java,_addName,555,Jackson-core_13
src/main/java/com/fasterxml/jackson/core/json/async/NonBlockingJsonParserBase.java,_addName,556,Jackson-core_13
src/main/java/com/fasterxml/jackson/core/json/async/NonBlockingJsonParserBase.java,_addName,557,Jackson-core_13
src/main/java/com/fasterxml/jackson/core/json/async/NonBlockingJsonParserBase.java,_addName,558,Jackson-core_13
src/main/java/com/fasterxml/jackson/core/json/async/NonBlockingJsonParserBase.java,_addName,559,Jackson-core_13
src/main/java/com/fasterxml/jackson/core/json/async/NonBlockingJsonParserBase.java,_addName,560,Jackson-core_13
src/main/java/com/fasterxml/jackson/core/json/async/NonBlockingJsonParserBase.java,_addName,561,Jackson-core_13
src/main/java/com/fasterxml/jackson/core/json/async/NonBlockingJsonParserBase.java,_addName,562,Jackson-core_13
src/main/java/com/fasterxml/jackson/core/json/async/NonBlockingJsonParserBase.java,_addName,563,Jackson-core_13
src/main/java/com/fasterxml/jackson/core/json/async/NonBlockingJsonParserBase.java,_addName,564,Jackson-core_13
src/main/java/com/fasterxml/jackson/core/json/async/NonBlockingJsonParserBase.java,_addName,565,Jackson-core_13
src/main/java/com/fasterxml/jackson/core/json/async/NonBlockingJsonParserBase.java,_addName,566,Jackson-core_13
src/main/java/com/fasterxml/jackson/core/json/async/NonBlockingJsonParserBase.java,_addName,567,Jackson-core_13
src/main/java/com/fasterxml/jackson/core/json/async/NonBlockingJsonParserBase.java,_addName,568,Jackson-core_13
src/main/java/com/fasterxml/jackson/core/json/async/NonBlockingJsonParserBase.java,_addName,569,Jackson-core_13
src/main/java/com/fasterxml/jackson/core/json/async/NonBlockingJsonParserBase.java,_addName,570,Jackson-core_13
src/main/java/com/fasterxml/jackson/core/json/async/NonBlockingJsonParserBase.java,_addName,571,Jackson-core_13
src/main/java/com/fasterxml/jackson/core/json/async/NonBlockingJsonParserBase.java,_addName,572,Jackson-core_13
src/main/java/com/fasterxml/jackson/core/json/async/NonBlockingJsonParserBase.java,_addName,573,Jackson-core_13
src/main/java/com/fasterxml/jackson/core/json/async/NonBlockingJsonParserBase.java,_addName,574,Jackson-core_13
src/main/java/com/fasterxml/jackson/core/json/async/NonBlockingJsonParserBase.java,_addName,575,Jackson-core_13
src/main/java/com/fasterxml/jackson/core/json/async/NonBlockingJsonParserBase.java,_addName,576,Jackson-core_13
src/main/java/com/fasterxml/jackson/core/json/async/NonBlockingJsonParserBase.java,_addName,577,Jackson-core_13
src/main/java/com/fasterxml/jackson/core/json/async/NonBlockingJsonParserBase.java,_addName,578,Jackson-core_13
src/main/java/com/fasterxml/jackson/core/json/async/NonBlockingJsonParserBase.java,_addName,579,Jackson-core_13
src/main/java/com/fasterxml/jackson/core/json/async/NonBlockingJsonParserBase.java,_addName,580,Jackson-core_13
src/main/java/com/fasterxml/jackson/core/json/async/NonBlockingJsonParserBase.java,_addName,581,Jackson-core_13
src/main/java/com/fasterxml/jackson/core/json/async/NonBlockingJsonParserBase.java,_addName,582,Jackson-core_13
src/main/java/com/fasterxml/jackson/core/json/async/NonBlockingJsonParserBase.java,_addName,583,Jackson-core_13
src/main/java/com/fasterxml/jackson/core/json/async/NonBlockingJsonParserBase.java,_addName,584,Jackson-core_13
src/main/java/com/fasterxml/jackson/core/json/async/NonBlockingJsonParserBase.java,_addName,585,Jackson-core_13
src/main/java/com/fasterxml/jackson/core/json/async/NonBlockingJsonParserBase.java,_addName,586,Jackson-core_13
src/main/java/com/fasterxml/jackson/core/json/async/NonBlockingJsonParserBase.java,_addName,587,Jackson-core_13
src/main/java/com/fasterxml/jackson/core/json/async/NonBlockingJsonParserBase.java,_addName,588,Jackson-core_13
src/main/java/com/fasterxml/jackson/core/json/async/NonBlockingJsonParserBase.java,_addName,589,Jackson-core_13
src/main/java/com/fasterxml/jackson/core/json/async/NonBlockingJsonParserBase.java,_addName,590,Jackson-core_13
src/main/java/com/fasterxml/jackson/core/json/async/NonBlockingJsonParserBase.java,_addName,591,Jackson-core_13
src/main/java/com/fasterxml/jackson/core/json/async/NonBlockingJsonParserBase.java,_addName,592,Jackson-core_13
src/main/java/com/fasterxml/jackson/core/json/async/NonBlockingJsonParserBase.java,_addName,593,Jackson-core_13
src/main/java/com/fasterxml/jackson/core/json/async/NonBlockingJsonParserBase.java,_addName,594,Jackson-core_13
src/main/java/com/fasterxml/jackson/core/json/async/NonBlockingJsonParserBase.java,_addName,595,Jackson-core_13
src/main/java/com/fasterxml/jackson/core/json/async/NonBlockingJsonParserBase.java,_addName,596,Jackson-core_13
src/main/java/com/fasterxml/jackson/core/json/async/NonBlockingJsonParserBase.java,_addName,597,Jackson-core_13
src/main/java/com/fasterxml/jackson/core/json/async/NonBlockingJsonParserBase.java,_addName,598,Jackson-core_13
src/main/java/com/fasterxml/jackson/core/json/async/NonBlockingJsonParserBase.java,_addName,599,Jackson-core_13
src/main/java/com/fasterxml/jackson/core/json/async/NonBlockingJsonParserBase.java,_addName,600,Jackson-core_13
src/main/java/com/fasterxml/jackson/core/json/async/NonBlockingJsonParserBase.java,_addName,601,Jackson-core_13
src/main/java/com/fasterxml/jackson/core/json/async/NonBlockingJsonParserBase.java,_addName,602,Jackson-core_13
src/main/java/com/fasterxml/jackson/core/json/async/NonBlockingJsonParserBase.java,_addName,603,Jackson-core_13
src/main/java/com/fasterxml/jackson/core/json/async/NonBlockingJsonParserBase.java,_addName,604,Jackson-core_13
src/main/java/com/fasterxml/jackson/core/json/async/NonBlockingJsonParserBase.java,_addName,605,Jackson-core_13
src/main/java/com/fasterxml/jackson/core/json/async/NonBlockingJsonParserBase.java,_addName,606,Jackson-core_13
src/main/java/com/fasterxml/jackson/core/json/async/NonBlockingJsonParserBase.java,_addName,607,Jackson-core_13
src/main/java/com/fasterxml/jackson/core/json/async/NonBlockingJsonParserBase.java,_addName,608,Jackson-core_13
src/main/java/com/fasterxml/jackson/core/json/async/NonBlockingJsonParserBase.java,_addName,609,Jackson-core_13
src/main/java/com/fasterxml/jackson/core/json/async/NonBlockingJsonParserBase.java,_addName,610,Jackson-core_13
src/main/java/com/fasterxml/jackson/core/json/async/NonBlockingJsonParserBase.java,_addName,611,Jackson-core_13
src/main/java/com/fasterxml/jackson/core/json/async/NonBlockingJsonParserBase.java,_addName,612,Jackson-core_13
src/main/java/com/fasterxml/jackson/core/json/async/NonBlockingJsonParserBase.java,_addName,613,Jackson-core_13
src/main/java/com/fasterxml/jackson/core/json/async/NonBlockingJsonParserBase.java,_addName,614,Jackson-core_13
src/main/java/com/fasterxml/jackson/core/json/async/NonBlockingJsonParserBase.java,_addName,615,Jackson-core_13
src/main/java/com/fasterxml/jackson/core/json/async/NonBlockingJsonParserBase.java,_addName,616,Jackson-core_13
src/main/java/com/fasterxml/jackson/core/json/async/NonBlockingJsonParserBase.java,_addName,617,Jackson-core_13
src/main/java/com/fasterxml/jackson/core/json/async/NonBlockingJsonParserBase.java,_addName,618,Jackson-core_13
src/main/java/com/fasterxml/jackson/core/json/async/NonBlockingJsonParserBase.java,_addName,619,Jackson-core_13
src/main/java/com/fasterxml/jackson/core/json/async/NonBlockingJsonParserBase.java,_addName,620,Jackson-core_13
src/main/java/com/fasterxml/jackson/core/json/async/NonBlockingJsonParserBase.java,_addName,621,Jackson-core_13
src/main/java/com/fasterxml/jackson/core/json/async/NonBlockingJsonParserBase.java,_addName,622,Jackson-core_13
src/main/java/com/fasterxml/jackson/core/json/async/NonBlockingJsonParserBase.java,_addName,623,Jackson-core_13
src/main/java/com/fasterxml/jackson/core/json/async/NonBlockingJsonParserBase.java,_addName,624,Jackson-core_13
src/main/java/com/fasterxml/jackson/core/json/async/NonBlockingJsonParserBase.java,_addName,625,Jackson-core_13
src/main/java/com/fasterxml/jackson/core/json/async/NonBlockingJsonParserBase.java,_addName,626,Jackson-core_13
src/main/java/com/fasterxml/jackson/core/json/async/NonBlockingJsonParserBase.java,_addName,627,Jackson-core_13
src/main/java/com/fasterxml/jackson/core/json/async/NonBlockingJsonParserBase.java,_addName,628,Jackson-core_13
src/main/java/com/fasterxml/jackson/core/json/async/NonBlockingJsonParserBase.java,_addName,629,Jackson-core_13
src/main/java/com/fasterxml/jackson/core/json/async/NonBlockingJsonParserBase.java,_addName,630,Jackson-core_13
src/main/java/com/fasterxml/jackson/core/json/async/NonBlockingJsonParserBase.java,_addName,631,Jackson-core_13
src/main/java/com/fasterxml/jackson/core/json/async/NonBlockingJsonParserBase.java,_addName,632,Jackson-core_13
src/main/java/com/fasterxml/jackson/core/json/async/NonBlockingJsonParserBase.java,_padLastQuad,637,Jackson-core_13
src/main/java/com/fasterxml/jackson/core/json/async/NonBlockingJsonParserBase.java,_padLastQuad,638,Jackson-core_13
src/main/java/com/fasterxml/jackson/core/json/async/NonBlockingJsonParserBase.java,_padLastQuad,639,Jackson-core_13
src/main/java/com/fasterxml/jackson/core/json/async/NonBlockingJsonParserBase.java,_reportInvalidOther,792,Jackson-core_13
src/main/java/com/fasterxml/jackson/core/json/async/NonBlockingJsonParserBase.java,_reportInvalidOther,793,Jackson-core_13
src/main/java/com/fasterxml/jackson/core/json/async/NonBlockingJsonParserBase.java,_reportInvalidOther,795,Jackson-core_13
src/main/java/com/fasterxml/jackson/core/json/async/NonBlockingJsonParserBase.java,,116,Jackson-core_13
src/main/java/com/fasterxml/jackson/core/json/async/NonBlockingJsonParserBase.java,,461,Jackson-core_13
src/main/java/com/fasterxml/jackson/core/json/async/NonBlockingJsonParserBase.java,,462,Jackson-core_13
src/main/java/com/fasterxml/jackson/core/json/async/NonBlockingJsonParserBase.java,,463,Jackson-core_13
src/main/java/com/fasterxml/jackson/core/json/async/NonBlockingJsonParserBase.java,,464,Jackson-core_13
src/main/java/com/fasterxml/jackson/core/json/async/NonBlockingJsonParserBase.java,,465,Jackson-core_13
src/main/java/com/fasterxml/jackson/core/json/async/NonBlockingJsonParserBase.java,,478,Jackson-core_13
src/main/java/com/fasterxml/jackson/core/json/async/NonBlockingJsonParserBase.java,,492,Jackson-core_13
src/main/java/com/fasterxml/jackson/core/json/async/NonBlockingJsonParserBase.java,,506,Jackson-core_13
src/main/java/com/fasterxml/jackson/core/json/async/NonBlockingJsonParserBase.java,,519,Jackson-core_13
src/main/java/com/fasterxml/jackson/core/json/async/NonBlockingJsonParserBase.java,,520,Jackson-core_13
src/main/java/com/fasterxml/jackson/core/json/async/NonBlockingJsonParserBase.java,,521,Jackson-core_13
src/main/java/com/fasterxml/jackson/core/json/async/NonBlockingJsonParserBase.java,,522,Jackson-core_13
src/main/java/com/fasterxml/jackson/core/json/async/NonBlockingJsonParserBase.java,,523,Jackson-core_13
src/main/java/com/fasterxml/jackson/core/json/async/NonBlockingJsonParserBase.java,,524,Jackson-core_13
src/main/java/com/fasterxml/jackson/core/json/async/NonBlockingJsonParserBase.java,,525,Jackson-core_13
src/main/java/com/fasterxml/jackson/core/json/async/NonBlockingJsonParserBase.java,,633,Jackson-core_13
src/main/java/com/fasterxml/jackson/core/json/async/NonBlockingJsonParserBase.java,,634,Jackson-core_13
src/main/java/com/fasterxml/jackson/core/json/async/NonBlockingJsonParserBase.java,,635,Jackson-core_13
src/main/java/com/fasterxml/jackson/core/json/async/NonBlockingJsonParserBase.java,,641,Jackson-core_13
src/main/java/com/fasterxml/jackson/core/json/async/NonBlockingJsonParserBase.java,,733,Jackson-core_13
src/main/java/com/fasterxml/jackson/core/json/async/NonBlockingJsonParserBase.java,,794,Jackson-core_13
src/test/java/com/fasterxml/jackson/core/async/AsyncRootValuesTest.java,testMixedRootSequence,145,Jackson-core_13
src/test/java/com/fasterxml/jackson/core/async/AsyncRootValuesTest.java,testMixedRootSequence,152,Jackson-core_13
src/test/java/com/fasterxml/jackson/core/async/AsyncSimpleNestedTest.java,testStuffInObject,20,Jackson-core_13
src/test/java/com/fasterxml/jackson/core/async/AsyncSimpleNestedTest.java,testStuffInObject,23,Jackson-core_13
src/test/java/com/fasterxml/jackson/core/async/AsyncSimpleNestedTest.java,testStuffInObject,25,Jackson-core_13
src/test/java/com/fasterxml/jackson/core/async/AsyncSimpleNestedTest.java,testStuffInObject,32,Jackson-core_13
src/test/java/com/fasterxml/jackson/core/async/AsyncSimpleNestedTest.java,testStuffInArray,86,Jackson-core_13
src/test/java/com/fasterxml/jackson/core/async/AsyncSimpleNestedTest.java,testStuffInArray,90,Jackson-core_13
src/test/java/com/fasterxml/jackson/core/async/AsyncSimpleNestedTest.java,testStuffInArray,97,Jackson-core_13
src/test/java/com/fasterxml/jackson/core/async/AsyncSimpleNestedTest.java,_testStuffInArray,112,Jackson-core_13
src/test/java/com/fasterxml/jackson/core/async/AsyncSimpleNestedTest.java,_testStuffInArray,113,Jackson-core_13
